employee_count_log,funding_stage_ord,num_regulatory_flags,flag_crypto,flag_cross_border_payments,flag_high_risk_corridors,flag_correspondent_banking,flag_neobank,flag_lending,has_recent_signal,employee_count,funding_stage,converted
5.8971538676367405,4,1,0,0,1,0,0,0,0,363,series c,0
6.511745329644728,3,1,0,0,0,0,0,1,0,672,series b,0
4.61512051684126,0,2,0,0,0,0,1,1,0,100,unknown,0
4.836281906951478,6,1,0,0,0,1,0,0,0,125,public,0
3.9889840465642745,0,1,0,0,0,0,0,1,0,53,unknown,0
6.320768294250582,2,2,0,0,0,0,1,1,0,555,series a,0
5.0689042022202315,4,1,0,0,0,1,0,0,0,158,series c,0
4.31748811353631,4,1,0,1,0,0,0,0,0,74,series c,1
5.030437921392435,0,1,0,0,0,0,1,0,0,152,unknown,0
5.3981627015177525,0,2,0,1,1,0,0,0,0,220,unknown,0
6.459904454377535,5,1,0,1,0,0,0,0,0,638,late-stage,0
5.594711379601839,3,1,0,0,0,0,0,1,0,268,series b,0
6.586171654854675,4,2,1,1,0,0,0,0,0,724,series c,0
4.189654742026425,1,1,0,1,0,0,0,0,0,65,seed,0
4.962844630259907,5,3,1,0,1,0,1,0,0,142,late-stage,1
5.66988092298052,3,3,1,1,1,0,0,0,0,289,series b,1
6.0014148779611505,4,1,0,0,0,1,0,0,0,403,series c,0
5.3471075307174685,3,1,0,0,0,0,0,1,0,209,series b,0
3.7376696182833684,0,2,0,1,0,0,0,1,0,41,unknown,0
5.497168225293202,0,4,1,1,0,1,0,1,0,243,unknown,1
4.3694478524670215,6,2,0,0,1,1,0,0,0,78,public,1
7.239214973779806,5,2,0,0,1,0,0,1,0,1392,late-stage,0
7.940227765145702,1,2,0,0,0,1,1,0,0,2807,seed,0
4.127134385045092,6,0,0,0,0,0,0,0,0,61,public,0
3.828641396489095,6,3,0,1,1,0,1,0,0,45,public,0
6.066108090103747,5,5,0,1,1,1,1,1,1,430,late-stage,1
5.703782474656201,5,2,0,0,0,1,1,0,0,299,late-stage,1
4.51085950651685,2,2,0,0,1,0,1,0,1,90,series a,0
4.060443010546419,2,1,0,0,0,1,0,0,0,57,series a,0
5.730099782973575,5,1,0,1,0,0,0,0,0,307,late-stage,0
4.143134726391533,1,0,0,0,0,0,0,0,0,62,seed,0
5.58724865840025,2,1,0,0,0,0,0,1,0,266,series a,0
6.450470422144176,3,1,1,0,0,0,0,0,0,632,series b,1
5.908082938168931,6,0,0,0,0,0,0,0,0,367,public,0
6.269096283706261,5,1,1,0,0,0,0,0,0,527,late-stage,1
5.308267697401205,0,2,1,1,0,0,0,0,0,201,unknown,0
6.598509028614515,0,1,0,0,0,1,0,0,0,733,unknown,0
5.641907070938114,2,0,0,0,0,0,0,0,0,281,series a,0
2.5649493574615367,0,1,0,0,1,0,0,0,1,12,unknown,1
4.584967478670572,6,4,1,1,0,0,1,1,1,97,public,1
3.58351893845611,2,2,1,0,0,0,0,1,0,35,series a,1
4.418840607796598,5,2,1,1,0,0,0,0,1,82,late-stage,1
5.332718793265369,3,2,1,1,0,0,0,0,0,206,series b,1
7.217443431696533,4,1,0,0,0,0,0,1,0,1362,series c,0
8.200288260287554,6,0,0,0,0,0,0,0,0,3641,public,0
4.060443010546419,0,2,1,1,0,0,0,0,0,57,unknown,1
6.306275286948016,1,0,0,0,0,0,0,0,0,547,seed,0
5.2832037287379885,5,2,0,0,0,0,1,1,0,196,late-stage,1
6.091309882077698,3,1,0,0,1,0,0,0,0,441,series b,1
1.791759469228055,1,0,0,0,0,0,0,0,0,5,seed,1
6.529418838262226,5,2,1,1,0,0,0,0,0,684,late-stage,1
4.927253685157205,3,2,1,0,0,0,1,0,1,137,series b,1
4.804021044733257,6,1,0,1,0,0,0,0,0,121,public,1
4.189654742026425,4,0,0,0,0,0,0,0,0,65,series c,0
4.1588830833596715,2,1,0,0,1,0,0,0,0,63,series a,1
5.293304824724492,2,1,0,0,0,0,1,0,0,198,series a,0
7.237059026124737,6,0,0,0,0,0,0,0,1,1389,public,0
4.418840607796598,3,0,0,0,0,0,0,0,0,82,series b,0
4.955827057601261,6,1,0,0,0,0,0,1,0,141,public,0
6.492239835020471,3,4,1,1,1,1,0,0,0,659,series b,1
6.428105272684596,2,3,1,0,1,0,0,1,0,618,series a,1
4.1588830833596715,0,0,0,0,0,0,0,0,0,63,unknown,0
6.253828811575473,4,1,0,0,0,0,0,1,0,519,series c,0
4.997212273764115,2,3,0,1,0,1,0,1,0,147,series a,1
5.081404364984463,6,0,0,0,0,0,0,0,0,160,public,0
6.520621127558696,6,2,0,1,0,0,1,0,0,678,public,0
5.2832037287379885,4,0,0,0,0,0,0,0,0,196,series c,1
4.90527477843843,3,2,0,0,0,1,0,1,1,134,series b,1
4.31748811353631,1,3,0,1,1,0,1,0,0,74,seed,1
6.342121418721152,3,3,1,1,0,1,0,0,0,567,series b,1
4.174387269895637,3,1,0,1,0,0,0,0,0,64,series b,0
6.082218910376446,1,5,1,1,1,0,1,1,1,437,seed,1
6.802394763324311,0,2,0,0,1,0,0,1,0,899,unknown,0
5.111987788356544,3,0,0,0,0,0,0,0,0,165,series b,0
6.326149473155099,4,4,1,1,0,1,1,0,0,558,series c,1
5.831882477283517,2,3,0,1,1,0,1,0,0,340,series a,1
7.837159650001675,4,2,1,0,0,0,0,1,0,2532,series c,0
3.1780538303479458,4,2,1,1,0,0,0,0,0,23,series c,1
7.173958319756794,5,1,0,0,0,0,1,0,0,1304,late-stage,0
5.905361848054571,3,3,0,0,1,0,1,1,0,366,series b,1
2.772588722239781,6,0,0,0,0,0,0,0,0,15,public,0
4.5217885770490405,5,2,0,1,0,0,1,0,0,91,late-stage,0
5.673323267171493,4,0,0,0,0,0,0,0,0,290,series c,0
5.521460917862246,2,2,1,0,0,0,1,0,0,249,series a,1
3.7612001156935624,3,2,0,1,1,0,0,0,0,42,series b,1
5.214935757608986,3,0,0,0,0,0,0,0,1,183,series b,0
4.941642422609304,2,1,0,0,0,0,0,1,0,139,series a,0
6.124683390894205,0,0,0,0,0,0,0,0,0,456,unknown,0
5.5909869805108565,1,2,1,1,0,0,0,0,0,267,seed,1
7.273092595999522,5,2,1,1,0,0,0,0,0,1440,late-stage,1
5.198497031265826,2,1,1,0,0,0,0,0,0,180,series a,1
5.777652323222656,0,1,0,0,0,0,0,1,0,322,unknown,0
3.295836866004329,5,1,0,0,1,0,0,0,0,26,late-stage,1
5.673323267171493,1,2,0,0,1,0,0,1,0,290,seed,1
5.365976015021851,3,0,0,0,0,0,0,0,0,213,series b,0
5.799092654460526,2,1,0,0,1,0,0,0,0,329,series a,0
6.6320017773956295,2,0,0,0,0,0,0,0,0,758,series a,0
4.553876891600541,6,2,0,0,1,1,0,0,0,94,public,1
7.375255778009754,1,3,0,1,0,1,0,1,0,1595,seed,0
6.0330862217988015,5,0,0,0,0,0,0,0,0,416,late-stage,0
4.852030263919617,3,0,0,0,0,0,0,0,0,127,series b,0
5.634789603169249,0,1,0,1,0,0,0,0,0,279,unknown,0
8.678801706612651,4,2,1,1,0,0,0,0,0,5876,series c,1
5.424950017481403,3,2,0,0,0,1,0,1,0,226,series b,1
5.796057750765372,0,2,0,0,0,1,1,0,0,328,unknown,0
3.6888794541139363,2,1,0,1,0,0,0,0,0,39,series a,0
5.41610040220442,0,1,0,0,0,0,0,1,0,224,unknown,0
3.7376696182833684,0,0,0,0,0,0,0,0,0,41,unknown,0
6.974478911025045,2,3,0,1,1,1,0,0,1,1068,series a,1
5.375278407684165,1,2,1,0,0,0,1,0,0,215,seed,0
5.389071729816501,3,1,0,0,0,0,0,1,1,218,series b,1
6.839476438228843,5,1,0,0,1,0,0,0,0,933,late-stage,0
3.6635616461296463,4,1,0,1,0,0,0,0,0,38,series c,1
4.007333185232471,1,1,0,1,0,0,0,0,0,54,seed,0
3.784189633918261,3,2,0,1,1,0,0,0,0,43,series b,1
6.810142450115136,3,2,0,1,0,0,1,0,0,906,series b,1
4.875197323201151,3,2,1,0,0,1,0,0,0,130,series b,0
4.574710978503383,1,4,1,1,1,0,1,0,0,96,seed,1
6.517671272912275,3,1,0,0,0,0,0,1,0,676,series b,0
2.5649493574615367,0,2,0,0,0,1,0,1,1,12,unknown,1
7.688913336864796,4,0,0,0,0,0,0,0,0,2183,series c,0
5.8944028342648505,2,2,0,0,0,0,1,1,0,362,series a,1
4.919980925828125,5,1,0,0,0,0,0,1,0,136,late-stage,0
4.6913478822291435,5,3,1,1,0,0,1,0,0,108,late-stage,1
5.579729825986222,3,1,0,0,0,0,0,1,0,264,series b,0
6.5998704992128365,5,0,0,0,0,0,0,0,1,734,late-stage,0
5.176149732573829,4,1,0,0,0,0,1,0,0,176,series c,0
7.887208585813932,6,3,1,1,0,0,1,0,0,2662,public,1
6.7580945044277305,6,3,1,1,0,0,1,0,0,860,public,0
6.1092475827643655,3,1,0,0,0,0,0,1,0,449,series b,0
5.926926025970411,1,2,0,0,1,0,0,1,1,374,seed,1
5.017279836814924,4,1,0,0,0,0,1,0,0,150,series c,0
4.04305126783455,1,0,0,0,0,0,0,0,0,56,seed,0
5.733341276897746,0,0,0,0,0,0,0,0,0,308,unknown,0
4.0943445622221,3,2,0,0,0,1,1,0,0,59,series b,1
6.249975242259483,5,4,0,1,1,0,1,1,0,517,late-stage,1
5.488937726156687,5,1,0,0,0,0,0,1,0,241,late-stage,0
5.537334267018537,1,0,0,0,0,0,0,0,0,253,seed,0
6.4692503167957724,5,2,1,1,0,0,0,0,0,644,late-stage,1
4.6443908991413725,6,3,1,1,0,0,1,0,0,103,public,1
5.081404364984463,5,0,0,0,0,0,0,0,0,160,late-stage,0
4.564348191467836,5,0,0,0,0,0,0,0,0,95,late-stage,0
6.963189985870238,2,2,0,0,0,1,0,1,0,1056,series a,0
5.648974238161206,4,1,0,0,0,0,0,1,0,283,series c,0
4.6913478822291435,5,2,1,1,0,0,0,0,0,108,late-stage,1
5.929589143389895,4,0,0,0,0,0,0,0,0,375,series c,0
2.9444389791664403,6,0,0,0,0,0,0,0,0,18,public,0
4.948759890378168,1,2,0,1,1,0,0,0,0,140,seed,0
8.11162807830774,4,0,0,0,0,0,0,0,0,3332,series c,0
5.19295685089021,1,2,0,0,0,0,1,1,0,179,seed,0
4.6913478822291435,4,3,1,1,0,1,0,0,0,108,series c,1
5.713732805509369,1,0,0,0,0,0,0,0,0,302,seed,1
6.838405200847344,2,3,1,1,0,0,1,0,0,932,series a,1
4.219507705176107,6,0,0,0,0,0,0,0,0,67,public,0
7.551186867296149,6,2,0,1,0,0,1,0,0,1902,public,0
5.003946305945459,5,2,0,1,0,1,0,0,0,148,late-stage,1
4.5217885770490405,0,0,0,0,0,0,0,0,0,91,unknown,0
3.9318256327243257,1,1,0,0,1,0,0,0,0,50,seed,0
3.6109179126442243,0,2,0,1,1,0,0,0,0,36,unknown,0
4.844187086458591,5,1,1,0,0,0,0,0,0,126,late-stage,0
4.07753744390572,2,1,0,0,1,0,0,0,0,58,series a,0
5.676753802268282,4,0,0,0,0,0,0,0,1,291,series c,0
4.804021044733257,4,3,1,1,0,1,0,0,1,121,series c,1
4.812184355372417,3,3,1,1,0,0,0,1,0,122,series b,1
2.4849066497880004,6,0,0,0,0,0,0,0,0,11,public,0
4.189654742026425,3,1,0,0,0,0,0,1,0,65,series b,0
6.966024187106113,0,0,0,0,0,0,0,0,0,1059,unknown,0
6.6895992691789665,0,2,0,1,0,0,1,0,0,803,unknown,0
4.499809670330265,6,0,0,0,0,0,0,0,0,89,public,0
7.723120092266331,0,1,0,0,1,0,0,0,1,2259,unknown,0
3.9318256327243257,6,0,0,0,0,0,0,0,0,50,public,0
5.886104031450156,1,1,0,0,0,0,1,0,0,359,seed,0
7.077498053569231,6,3,0,1,0,1,1,0,0,1184,public,1
5.075173815233827,6,2,1,1,0,0,0,0,0,159,public,0
5.501258210544727,1,0,0,0,0,0,0,0,0,244,seed,0
6.131226489483141,5,0,0,0,0,0,0,0,0,459,late-stage,0
4.3694478524670215,6,1,0,1,0,0,0,0,0,78,public,0
4.330733340286331,6,1,0,1,0,0,0,0,0,75,public,1
6.361302477572996,0,4,0,1,1,1,0,1,0,578,unknown,1
6.352629396319567,1,3,0,1,0,0,1,1,0,573,seed,1
6.634633357861686,5,0,0,0,0,0,0,0,0,760,late-stage,0
7.349230824613334,4,1,0,1,0,0,0,0,0,1554,series c,1
4.48863636973214,4,3,1,1,0,0,0,1,0,88,series c,1
6.284134161070802,4,2,1,0,1,0,0,0,0,535,series c,1
1.791759469228055,0,1,0,0,0,0,0,1,0,5,unknown,0
5.429345628954441,4,1,0,0,0,0,1,0,0,227,series c,0
3.7612001156935624,6,0,0,0,0,0,0,0,0,42,public,0
3.1780538303479458,6,1,0,0,1,0,0,0,0,23,public,0
4.174387269895637,0,2,0,0,1,0,0,1,0,64,unknown,1
5.8111409929767,3,3,1,1,0,0,0,1,0,333,series b,1
3.044522437723423,2,2,1,1,0,0,0,0,0,20,series a,1
4.51085950651685,0,2,0,1,0,0,1,0,0,90,unknown,0
5.384495062789089,1,2,0,1,0,0,1,0,0,217,seed,0
7.045776576879511,6,2,0,0,0,0,1,1,0,1147,public,0
4.6443908991413725,3,0,0,0,0,0,0,0,0,103,series b,0
5.768320995793772,2,1,0,0,0,0,1,0,0,319,series a,0
4.219507705176107,2,0,0,0,0,0,0,0,0,67,series a,0
4.04305126783455,1,4,1,1,1,0,0,1,0,56,seed,1
4.718498871295094,2,1,0,0,0,0,0,1,0,111,series a,0
5.247024072160486,4,3,1,1,0,0,1,0,0,189,series c,1
2.70805020110221,2,2,1,1,0,0,0,0,0,14,series a,1
6.1092475827643655,2,0,0,0,0,0,0,0,0,449,series a,0
7.506591780070841,3,2,1,1,0,0,0,0,1,1819,series b,1
6.1463292576688975,5,1,0,1,0,0,0,0,0,466,late-stage,1
5.560681631015528,0,0,0,0,0,0,0,0,0,259,unknown,0
5.0106352940962555,2,2,0,0,1,0,1,0,0,149,series a,0
9.015298250772847,2,2,0,1,0,0,1,0,0,8227,series a,1
4.110873864173311,3,1,0,1,0,0,0,0,0,60,series b,0
6.253828811575473,2,2,0,0,1,1,0,0,0,519,series a,1
5.111987788356544,6,4,1,1,0,1,1,0,0,165,public,1
4.204692619390966,6,1,0,1,0,0,0,0,1,66,public,1
5.726847747587197,5,2,1,1,0,0,0,0,0,306,late-stage,1
6.905753276311464,2,1,0,0,1,0,0,0,0,997,series a,0
5.521460917862246,3,0,0,0,0,0,0,0,0,249,series b,0
5.805134968916488,0,1,1,0,0,0,0,0,0,331,unknown,0
5.384495062789089,3,2,1,1,0,0,0,0,0,217,series b,1
4.532599493153256,6,0,0,0,0,0,0,0,0,92,public,0
6.910750787961936,0,2,0,0,1,0,1,0,0,1002,unknown,0
3.1354942159291497,4,3,1,1,0,1,0,0,0,22,series c,1
2.9444389791664403,6,1,0,0,0,1,0,0,0,18,public,0
3.4657359027997265,2,3,1,1,0,1,0,0,1,31,series a,1
4.343805421853684,1,2,1,1,0,0,0,0,0,76,seed,1
5.863631175598097,2,0,0,0,0,0,0,0,0,351,series a,0
6.982862751468942,3,2,0,0,1,0,0,1,0,1077,series b,1
5.840641657373398,3,3,1,0,1,0,1,0,0,343,series b,1
6.555356891810665,0,2,0,1,0,1,0,0,0,702,unknown,0
3.970291913552122,1,1,0,1,0,0,0,0,0,52,seed,0
7.424165281042028,1,5,1,1,1,0,1,1,0,1675,seed,1
2.3978952727983707,0,0,0,0,0,0,0,0,0,10,unknown,0
3.4339872044851463,0,1,0,0,0,0,1,0,0,30,unknown,0
4.927253685157205,3,0,0,0,0,0,0,0,0,137,series b,0
3.367295829986474,2,1,0,0,0,0,1,0,0,28,series a,0
7.2640301428995295,6,0,0,0,0,0,0,0,1,1427,public,0
8.239065331769268,4,1,0,0,0,1,0,0,0,3785,series c,0
4.23410650459726,1,1,1,0,0,0,0,0,0,68,seed,0
6.499787040655854,2,2,0,1,1,0,0,0,0,664,series a,1
3.1354942159291497,1,3,1,1,0,0,0,1,0,22,seed,1
4.90527477843843,0,1,1,0,0,0,0,0,0,134,unknown,0
4.356708826689592,1,1,0,1,0,0,0,0,0,77,seed,0
6.561030665896573,5,2,1,1,0,0,0,0,0,706,late-stage,1
6.220590170099739,1,1,0,1,0,0,0,0,0,502,seed,1
7.719129840906732,1,1,0,0,1,0,0,0,0,2250,seed,0
7.817222785508166,6,4,0,1,0,1,1,1,0,2482,public,1
6.9930151229329605,0,1,0,0,0,0,1,0,0,1088,unknown,0
6.320768294250582,3,2,0,0,0,0,1,1,0,555,series b,0
3.332204510175204,6,0,0,0,0,0,0,0,0,27,public,0
5.968707559985366,2,1,0,1,0,0,0,0,0,390,series a,1
6.333279628139691,6,0,0,0,0,0,0,0,0,562,public,0
6.759255270663693,5,0,0,0,0,0,0,0,0,861,late-stage,0
6.111467339502679,5,0,0,0,0,0,0,0,1,450,late-stage,0
5.389071729816501,6,3,1,1,0,0,1,0,0,218,public,1
4.990432586778736,2,0,0,0,0,0,0,0,0,146,series a,0
5.777652323222656,0,0,0,0,0,0,0,0,0,322,unknown,0
6.982862751468942,4,2,0,1,0,1,0,0,0,1077,series c,1
4.248495242049359,3,0,0,0,0,0,0,0,0,69,series b,0
4.430816798843313,4,1,0,0,1,0,0,0,0,83,series c,1
3.6635616461296463,5,3,1,1,0,1,0,0,0,38,late-stage,1
5.19295685089021,5,2,0,0,0,1,0,1,0,179,late-stage,0
3.58351893845611,5,2,0,1,0,0,0,1,0,35,late-stage,0
6.741700694652055,1,1,0,0,0,0,1,0,1,846,seed,0
5.272999558563747,0,2,0,1,0,0,1,0,0,194,unknown,0
5.652489180268651,5,3,1,1,1,0,0,0,0,284,late-stage,1
4.330733340286331,3,1,0,1,0,0,0,0,0,75,series b,0
5.198497031265826,2,2,0,0,1,0,1,0,0,180,series a,1
4.890349128221754,0,2,0,0,1,1,0,0,0,132,unknown,0
5.932245187448011,0,1,0,1,0,0,0,0,0,376,unknown,0
7.77863014732581,6,0,0,0,0,0,0,0,0,2388,public,0
6.1070228877422545,3,2,0,1,0,0,0,1,0,448,series b,1
4.7535901911063645,2,0,0,0,0,0,0,0,0,115,series a,0
6.246106765481563,5,3,1,1,1,0,0,0,1,515,late-stage,1
5.863631175598097,3,3,1,1,0,0,0,1,0,351,series b,1
6.480044561926653,1,4,0,1,1,0,1,1,0,651,seed,1
3.367295829986474,3,2,1,1,0,0,0,0,0,28,series b,1
5.2832037287379885,6,2,0,1,0,0,0,1,0,196,public,1
5.303304908059076,5,3,0,1,0,0,1,1,0,200,late-stage,0
6.324358962381311,1,0,0,0,0,0,0,0,0,557,seed,0
4.624972813284271,4,3,1,1,0,0,0,1,0,101,series c,1
6.478509642208569,0,1,0,0,0,0,1,0,0,650,unknown,0
5.37989735354046,2,1,0,0,0,1,0,0,0,216,series a,1
3.6888794541139363,1,3,1,1,0,1,0,0,0,39,seed,1
7.954372272531867,4,3,0,1,1,0,1,0,1,2847,series c,1
3.8501476017100584,6,0,0,0,0,0,0,0,0,46,public,0
7.0317412587631285,4,2,0,1,0,1,0,0,1,1131,series c,1
5.123963979403259,5,0,0,0,0,0,0,0,1,167,late-stage,0
5.075173815233827,2,1,0,0,0,1,0,0,0,159,series a,0
4.543294782270004,5,2,0,1,0,0,0,1,0,93,late-stage,1
4.74493212836325,4,0,0,0,0,0,0,0,0,114,series c,0
5.247024072160486,5,1,0,0,0,0,1,0,0,189,late-stage,0
7.615791072035833,1,0,0,0,0,0,0,0,1,2029,seed,0
8.056109659545061,6,0,0,0,0,0,0,0,0,3152,public,0
4.955827057601261,5,1,0,1,0,0,0,0,0,141,late-stage,0
7.45182223652793,5,3,1,1,0,0,1,0,0,1722,late-stage,1
5.3706380281276624,0,0,0,0,0,0,0,0,0,214,unknown,0
5.3471075307174685,4,2,1,1,0,0,0,0,0,209,series c,1
4.330733340286331,1,2,0,0,0,0,1,1,0,75,seed,0
5.723585101952381,0,1,0,0,0,0,0,1,0,305,unknown,0
6.502790045915623,1,4,1,1,0,0,1,1,0,666,seed,1
4.890349128221754,6,1,0,0,0,1,0,0,0,132,public,1
7.874358824729881,5,1,0,0,0,0,0,1,0,2628,late-stage,1
5.560681631015528,4,3,0,1,0,0,1,1,0,259,series c,1
6.473890696352274,2,2,1,1,0,0,0,0,1,647,series a,1
5.44673737166631,1,1,0,0,0,0,0,1,1,231,seed,1
7.1459844677143876,1,2,0,0,1,0,0,1,0,1268,seed,0
6.587550014824796,4,2,0,0,1,0,0,1,0,725,series c,0
8.97335141383992,0,3,1,1,1,0,0,0,0,7889,unknown,1
4.700480365792417,3,1,0,1,0,0,0,0,0,109,series b,0
5.733341276897746,6,4,1,1,0,0,1,1,0,308,public,1
3.7376696182833684,3,3,1,1,0,0,1,0,0,41,series b,1
4.962844630259907,3,2,0,0,0,1,0,1,0,142,series b,1
5.556828061699537,5,1,0,0,1,0,0,0,0,258,late-stage,1
7.355641102974253,2,1,0,0,1,0,0,0,0,1564,series a,1
3.6375861597263857,5,3,1,1,1,0,0,0,0,37,late-stage,1
4.007333185232471,6,3,1,1,1,0,0,0,0,54,public,1
6.994849985833071,0,2,0,1,0,0,1,0,0,1090,unknown,0
5.641907070938114,5,1,0,0,0,0,1,0,0,281,late-stage,0
5.081404364984463,2,3,0,1,1,1,0,0,0,160,series a,1
6.499787040655854,1,0,0,0,0,0,0,0,0,664,seed,0
4.859812404361672,4,1,0,1,0,0,0,0,1,128,series c,1
6.721425700790643,0,0,0,0,0,0,0,0,0,829,unknown,0
5.680172609017068,2,2,0,0,1,0,0,1,1,292,series a,0
6.513230110912307,3,0,0,0,0,0,0,0,0,673,series b,0
5.575949103146316,5,1,0,1,0,0,0,0,1,263,late-stage,0
3.6109179126442243,1,2,0,1,0,1,0,0,0,36,seed,0
2.0794415416798357,4,3,1,1,0,0,0,1,0,7,series c,1
6.133398042996649,6,0,0,0,0,0,0,0,0,460,public,1
4.709530201312334,2,1,0,0,0,0,1,0,0,110,series a,1
6.054439346269371,5,0,0,0,0,0,0,0,0,425,late-stage,0
4.330733340286331,5,0,0,0,0,0,0,0,0,75,late-stage,0
6.423246963533519,1,1,0,0,0,0,0,1,0,615,seed,0
5.0369526024136295,5,0,0,0,0,0,0,0,1,153,late-stage,0
4.23410650459726,5,0,0,0,0,0,0,0,0,68,late-stage,0
3.8501476017100584,3,3,1,1,0,0,0,1,0,46,series b,1
6.93828448401696,6,3,0,0,1,1,0,1,0,1030,public,1
4.406719247264253,1,2,1,1,0,0,0,0,0,81,seed,1
8.183118079394745,1,0,0,0,0,0,0,0,0,3579,seed,0
2.772588722239781,0,1,0,0,0,0,1,0,0,15,unknown,0
6.453624998892692,1,1,0,1,0,0,0,0,0,634,seed,0
6.903747257584598,2,0,0,0,0,0,0,0,0,995,series a,0
6.082218910376446,3,2,0,0,1,1,0,0,0,437,series b,1
6.082218910376446,5,4,1,1,0,0,1,1,0,437,late-stage,1
6.0014148779611505,2,1,0,0,0,0,0,1,0,403,series a,0
5.0689042022202315,2,0,0,0,0,0,0,0,0,158,series a,0
6.863803391452954,3,1,0,0,1,0,0,0,0,956,series b,1
6.255750041753367,4,2,1,1,0,0,0,0,0,520,series c,1
6.139884552226255,3,2,0,1,0,0,0,1,0,463,series b,0
6.226536669287466,1,3,1,1,0,1,0,0,0,505,seed,1
4.465908118654584,6,1,0,0,0,0,1,0,0,86,public,0
7.315218389752975,5,3,1,1,0,0,0,1,0,1502,late-stage,1
5.4510384535657,6,2,0,1,1,0,0,0,0,232,public,1
5.953243334287785,2,0,0,0,0,0,0,0,0,384,series a,0
7.095064377287131,2,0,0,0,0,0,0,0,0,1205,series a,0
3.7612001156935624,5,1,1,0,0,0,0,0,0,42,late-stage,1
7.358830898342354,6,2,0,1,0,0,0,1,0,1569,public,0
6.023447592961033,5,2,1,1,0,0,0,0,0,412,late-stage,1
6.186208623900494,1,2,0,0,1,0,1,0,0,485,seed,0
5.680172609017068,1,0,0,0,0,0,0,0,0,292,seed,0
2.995732273553991,4,0,0,0,0,0,0,0,0,19,series c,0
4.48863636973214,0,1,0,1,0,0,0,0,0,88,unknown,0
5.605802066295998,1,2,0,1,1,0,0,0,0,271,seed,1
5.3706380281276624,1,1,0,1,0,0,0,0,0,214,seed,0
5.594711379601839,0,1,1,0,0,0,0,0,0,268,unknown,1
3.367295829986474,3,1,0,0,0,1,0,0,0,28,series b,0
5.241747015059643,2,1,0,1,0,0,0,0,0,188,series a,1
6.082218910376446,5,2,0,0,1,0,1,0,0,437,late-stage,1
6.09807428216624,0,2,0,0,0,0,1,1,0,444,unknown,1
7.8156105320351905,1,2,1,1,0,0,0,0,0,2478,seed,0
4.143134726391533,5,1,0,1,0,0,0,0,0,62,late-stage,0
5.375278407684165,6,2,1,1,0,0,0,0,0,215,public,0
5.739792912179234,4,0,0,0,0,0,0,0,0,310,series c,0
5.808142489980444,5,1,1,0,0,0,0,0,0,332,late-stage,0
5.2832037287379885,5,1,0,1,0,0,0,0,0,196,late-stage,1
6.269096283706261,4,3,1,1,0,0,1,0,0,527,series c,1
6.429719478039138,5,3,1,1,0,0,1,0,0,619,late-stage,1
4.867534450455582,5,2,0,1,0,0,0,1,0,129,late-stage,1
7.329093736246591,4,4,1,1,1,0,0,1,0,1523,series c,1
2.4849066497880004,0,2,1,1,0,0,0,0,0,11,unknown,1
3.5263605246161616,1,2,1,1,0,0,0,0,0,33,seed,1
3.784189633918261,0,2,0,1,0,0,0,1,0,43,unknown,0
6.366470447731438,4,2,0,1,0,0,1,0,0,581,series c,0
6.016157159698354,1,0,0,0,0,0,0,0,0,409,seed,0
7.108244139731541,3,1,0,0,0,1,0,0,0,1221,series b,0
6.785587645007929,2,0,0,0,0,0,0,0,0,884,series a,0
5.19295685089021,2,1,0,0,0,0,1,0,0,179,series a,0
5.886104031450156,5,1,0,0,0,0,1,0,0,359,late-stage,0
4.700480365792417,1,0,0,0,0,0,0,0,0,109,seed,0
6.815639990074331,2,0,0,0,0,0,0,0,0,911,series a,0
5.087596335232384,4,1,0,0,0,1,0,0,0,161,series c,0
6.7580945044277305,4,0,0,0,0,0,0,0,0,860,series c,0
6.326149473155099,4,0,0,0,0,0,0,0,0,558,series c,0
4.605170185988092,6,1,0,0,1,0,0,0,0,99,public,0
5.272999558563747,0,2,0,1,1,0,0,0,0,194,unknown,0
6.428105272684596,2,2,0,1,0,1,0,0,0,618,series a,0
5.407171771460119,1,2,1,1,0,0,0,0,0,222,seed,1
4.990432586778736,4,0,0,0,0,0,0,0,0,146,series c,0
4.927253685157205,6,4,1,1,1,0,1,0,0,137,public,1
5.214935757608986,5,4,1,1,1,0,0,1,0,183,late-stage,1
6.226536669287466,4,2,0,1,0,0,0,1,0,505,series c,0
6.453624998892692,0,2,0,0,0,1,0,1,0,634,unknown,0
4.51085950651685,6,2,0,0,1,0,0,1,0,90,public,0
5.225746673713202,3,0,0,0,0,0,0,0,0,185,series b,1
7.3914152346753585,4,2,0,1,0,0,0,1,1,1621,series c,0
6.194405391104672,5,0,0,0,0,0,0,0,0,489,late-stage,0
5.598421958998375,3,1,0,0,0,0,1,0,0,269,series b,0
5.605802066295998,6,2,0,0,1,0,1,0,0,271,public,1
6.569481420414296,1,2,1,1,0,0,0,0,0,712,seed,1
6.20455776256869,0,2,0,0,1,1,0,0,0,494,unknown,0
6.220590170099739,1,1,0,1,0,0,0,0,0,502,seed,0
9.752373922866367,1,3,1,1,0,1,0,0,0,17194,seed,1
4.2626798770413155,6,3,0,1,1,1,0,0,0,70,public,1
4.532599493153256,3,2,0,0,0,0,1,1,0,92,series b,0
3.1354942159291497,6,0,0,0,0,0,0,0,0,22,public,0
4.634728988229636,6,4,1,1,0,1,0,1,0,102,public,1
6.013715156042802,5,2,1,1,0,0,0,0,0,408,late-stage,1
7.700295203420117,6,1,0,1,0,0,0,0,0,2208,public,0
6.0867747269123065,5,1,0,0,1,0,0,0,0,439,late-stage,0
5.83773044716594,5,1,0,1,0,0,0,0,0,342,late-stage,1
5.43372200355424,2,4,1,1,0,0,1,1,0,228,series a,1
6.113682179832232,2,0,0,0,0,0,0,0,0,451,series a,0
4.890349128221754,1,1,0,1,0,0,0,0,1,132,seed,0
6.030685260261263,6,2,0,0,0,1,0,1,0,415,public,0
4.919980925828125,1,2,1,1,0,0,0,0,0,136,seed,1
6.45833828334479,6,0,0,0,0,0,0,0,0,637,public,0
3.784189633918261,2,1,0,0,1,0,0,0,0,43,series a,1
5.739792912179234,6,1,0,0,0,0,0,1,0,310,public,0
5.438079308923196,3,1,0,1,0,0,0,0,0,229,series b,1
5.327876168789581,2,2,0,1,0,0,1,0,0,205,series a,0
6.495265555937008,0,1,0,1,0,0,0,0,0,661,unknown,1
6.18826412308259,5,3,0,1,0,1,1,0,0,486,late-stage,1
2.70805020110221,1,3,0,1,1,0,1,0,0,14,seed,1
3.7612001156935624,1,2,1,0,0,0,0,1,0,42,seed,1
4.700480365792417,6,1,0,0,0,0,0,1,0,109,public,0
4.624972813284271,4,0,0,0,0,0,0,0,0,101,series c,0
5.579729825986222,5,0,0,0,0,0,0,0,0,264,late-stage,0
3.7376696182833684,1,0,0,0,0,0,0,0,0,41,seed,0
7.5822291942764615,3,1,0,0,0,0,1,0,0,1962,series b,0
6.55250788703459,2,1,0,0,1,0,0,0,0,700,series a,0
6.851184927493743,4,2,0,0,1,0,0,1,0,944,series c,1
5.976350909297934,2,2,1,1,0,0,0,0,0,393,series a,1
5.529429087511423,4,2,0,0,0,1,0,1,0,251,series c,1
7.61085279039525,0,0,0,0,0,0,0,0,0,2019,unknown,0
5.209486152841421,0,4,1,1,1,1,0,0,1,182,unknown,1
5.905361848054571,4,0,0,0,0,0,0,0,0,366,series c,0
5.6937321388027,1,0,0,0,0,0,0,0,0,296,seed,0
5.814130531825066,3,2,1,1,0,0,0,0,0,334,series b,1
6.466144724237619,0,3,1,1,0,0,0,1,0,642,unknown,1
8.088561805276234,3,0,0,0,0,0,0,0,0,3256,series b,1
5.44673737166631,2,4,1,1,0,0,1,1,0,231,series a,1
4.343805421853684,4,2,1,1,0,0,0,0,0,76,series c,1
6.646390514847729,2,0,0,0,0,0,0,0,0,769,series a,0
4.919980925828125,3,3,0,1,0,1,1,0,1,136,series b,1
4.605170185988092,4,0,0,0,0,0,0,0,0,99,series c,0
5.697093486505405,6,1,0,0,0,0,1,0,0,297,public,0
4.700480365792417,3,0,0,0,0,0,0,0,0,109,series b,0
5.3471075307174685,0,1,0,0,1,0,0,0,0,209,unknown,0
6.444131256700441,2,0,0,0,0,0,0,0,0,628,series a,0
7.627544390488503,4,4,0,0,1,1,1,1,0,2053,series c,1
6.968850378341948,1,2,0,1,0,1,0,0,0,1062,seed,1
4.48863636973214,2,1,0,0,0,1,0,0,0,88,series a,0
6.480044561926653,6,1,0,1,0,0,0,0,0,651,public,0
6.612041034833092,0,2,1,0,0,1,0,0,0,743,unknown,0
3.5553480614894135,0,0,0,0,0,0,0,0,0,34,unknown,0
5.407171771460119,4,1,0,0,0,0,1,0,0,222,series c,0
8.07558263667172,1,2,1,1,0,0,0,0,0,3214,seed,0
4.948759890378168,4,1,0,1,0,0,0,0,0,140,series c,0
4.762173934797756,3,1,0,0,0,0,1,0,0,116,series b,0
3.713572066704308,5,2,1,1,0,0,0,0,0,40,late-stage,1
3.044522437723423,1,2,1,1,0,0,0,0,0,20,seed,1
4.204692619390966,5,4,1,1,1,0,0,1,0,66,late-stage,1
5.241747015059643,4,0,0,0,0,0,0,0,0,188,series c,0
6.366470447731438,6,1,0,0,0,0,0,1,1,581,public,0
3.7612001156935624,4,2,1,1,0,0,0,0,0,42,series c,1
5.14166355650266,4,0,0,0,0,0,0,0,0,170,series c,0
4.418840607796598,0,0,0,0,0,0,0,0,0,82,unknown,0
8.23827262463303,2,2,0,0,0,1,1,0,1,3782,series a,0
7.05617528410041,2,1,1,0,0,0,0,0,0,1159,series a,0
7.055312843339752,6,3,1,1,0,0,1,0,0,1158,public,1
3.332204510175204,3,3,1,1,0,1,0,0,0,27,series b,1
5.4680601411351315,0,0,0,0,0,0,0,0,0,236,unknown,0
6.29156913955832,5,1,0,0,1,0,0,0,0,539,late-stage,0
5.942799375126701,1,0,0,0,0,0,0,0,0,380,seed,0
4.574710978503383,5,1,1,0,0,0,0,0,0,96,late-stage,0
5.41610040220442,2,2,0,1,0,0,0,1,0,224,series a,1
5.111987788356544,1,1,0,1,0,0,0,0,0,165,seed,1
3.6888794541139363,3,2,0,0,1,1,0,0,0,39,series b,1
6.921658184151129,1,0,0,0,0,0,0,0,1,1013,seed,0
7.1276936993473985,2,2,1,1,0,0,0,0,0,1245,series a,1
5.988961416889864,2,1,0,0,1,0,0,0,0,398,series a,1
6.92461239604856,5,2,1,1,0,0,0,0,1,1016,late-stage,1
4.23410650459726,2,1,0,0,0,0,0,1,0,68,series a,0
5.14166355650266,0,2,0,0,0,0,1,1,0,170,unknown,1
5.214935757608986,2,2,1,1,0,0,0,0,0,183,series a,1
6.163314804034641,6,4,0,1,1,0,1,1,0,474,public,1
5.54907608489522,2,1,1,0,0,0,0,0,0,256,series a,1
6.54534966033442,1,2,1,1,0,0,0,0,0,695,seed,1
6.124683390894205,0,2,1,1,0,0,0,0,0,456,unknown,1
6.100318952020064,3,2,0,1,0,0,1,0,0,445,series b,1
4.5217885770490405,4,0,0,0,0,0,0,0,0,91,series c,0
4.6913478822291435,6,1,0,0,0,1,0,0,0,108,public,0
6.822197390620491,3,0,0,0,0,0,0,0,1,917,series b,0
4.634728988229636,6,2,0,1,0,0,0,1,0,102,public,1
6.480044561926653,1,1,0,0,1,0,0,0,1,651,seed,0
4.727387818712341,4,2,1,1,0,0,0,0,0,112,series c,1
4.990432586778736,2,0,0,0,0,0,0,0,1,146,series a,0
6.282266746896006,2,1,1,0,0,0,0,0,0,534,series a,0
6.6293632534374485,4,2,0,0,0,0,1,1,0,756,series c,0
4.59511985013459,4,2,0,0,0,1,0,1,0,98,series c,0
5.375278407684165,5,3,1,1,0,0,1,0,0,215,late-stage,1
6.1463292576688975,5,0,0,0,0,0,0,0,0,466,late-stage,0
4.700480365792417,0,2,0,1,0,1,0,0,0,109,unknown,1
6.680854678790215,0,0,0,0,0,0,0,0,1,796,unknown,0
8.655737000864297,6,1,0,0,1,0,0,0,0,5742,public,0
7.466227556215481,2,1,0,0,0,0,1,0,0,1747,series a,0
5.4680601411351315,2,0,0,0,0,0,0,0,0,236,series a,1
7.616283561580385,5,2,0,1,0,0,1,0,0,2030,late-stage,0
4.127134385045092,0,2,0,1,0,0,1,0,1,61,unknown,1
3.970291913552122,0,2,1,1,0,0,0,0,1,52,unknown,1
2.995732273553991,0,1,0,0,1,0,0,0,0,19,unknown,1
7.859413154693583,6,2,0,0,0,1,0,1,0,2589,public,0
5.093750200806762,3,1,0,0,1,0,0,0,1,162,series b,1
4.290459441148391,2,2,1,1,0,0,0,0,0,72,series a,1
7.029087564149662,5,0,0,0,0,0,0,0,0,1128,late-stage,1
4.0943445622221,2,0,0,0,0,0,0,0,0,59,series a,0
5.1647859739235145,6,1,0,1,0,0,0,0,0,174,public,0
8.473868066677865,0,3,1,1,0,0,0,1,0,4787,unknown,1
6.129050210060545,4,1,0,0,1,0,0,0,0,458,series c,1
5.241747015059643,3,0,0,0,0,0,0,0,0,188,series b,0
6.226536669287466,4,0,0,0,0,0,0,0,0,505,series c,0
4.882801922586371,0,1,0,0,1,0,0,0,1,131,unknown,0
4.812184355372417,3,3,1,1,0,0,1,0,0,122,series b,1
5.231108616854587,4,1,0,0,0,1,0,0,0,186,series c,1
4.0943445622221,2,1,0,0,1,0,0,0,0,59,series a,0
7.195937226475569,4,1,0,1,0,0,0,0,0,1333,series c,0
6.333279628139691,4,2,0,1,0,0,1,0,0,562,series c,0
5.44673737166631,6,0,0,0,0,0,0,0,0,231,public,0
6.284134161070802,6,1,0,0,0,0,1,0,0,535,public,1
4.68213122712422,4,1,0,0,0,1,0,0,0,107,series c,1
6.082218910376446,4,3,1,1,1,0,0,0,0,437,series c,1
6.962243464266207,5,2,0,0,0,0,1,1,0,1055,late-stage,1
4.787491742782046,5,2,1,1,0,0,0,0,0,119,late-stage,1
5.918893854273146,5,0,0,0,0,0,0,0,0,371,late-stage,0
3.8712010109078907,0,2,0,0,0,1,1,0,0,47,unknown,1
5.3612921657094255,4,2,0,0,1,0,1,0,0,212,series c,1
6.023447592961033,2,0,0,0,0,0,0,0,0,412,series a,0
2.4849066497880004,5,2,0,1,1,0,0,0,1,11,late-stage,0
2.9444389791664403,0,1,1,0,0,0,0,0,0,18,unknown,1
5.0689042022202315,6,0,0,0,0,0,0,0,0,158,public,0
5.262690188904886,2,2,0,0,1,0,0,1,0,192,series a,0
5.802118375377063,5,1,0,1,0,0,0,0,0,330,late-stage,1
6.282266746896006,3,2,1,1,0,0,0,0,0,534,series b,1
3.1354942159291497,4,0,0,0,0,0,0,0,0,22,series c,0
4.465908118654584,6,3,1,0,0,1,0,1,0,86,public,1
6.536691597591305,1,1,0,0,1,0,0,0,0,689,seed,0
5.545177444479562,1,3,0,1,1,0,1,0,0,255,seed,1
6.259581464064923,1,2,0,1,0,0,0,1,0,522,seed,0
6.952728644624869,0,2,0,0,0,1,0,1,0,1045,unknown,1
8.005700678662542,6,2,1,1,0,0,0,0,0,2997,public,1
6.9440872082295275,3,1,0,1,0,0,0,0,0,1036,series b,0
5.429345628954441,0,0,0,0,0,0,0,0,0,227,unknown,0
4.219507705176107,5,2,1,1,0,0,0,0,0,67,late-stage,1
5.099866427824199,2,2,0,1,0,1,0,0,0,163,series a,1
6.502790045915623,5,1,0,0,0,1,0,0,1,666,late-stage,0
6.161207321695077,0,1,0,1,0,0,0,0,0,473,unknown,0
2.9444389791664403,1,1,1,0,0,0,0,0,0,18,seed,0
7.38025578842646,6,3,1,1,0,0,1,0,0,1603,public,1
5.472270673671475,5,1,0,0,0,0,1,0,0,237,late-stage,0
5.1298987149230735,4,1,0,0,0,0,0,1,0,168,series c,1
4.852030263919617,3,1,0,0,0,0,1,0,0,127,series b,1
8.067462667010057,5,3,0,1,0,0,1,1,0,3188,late-stage,0
6.249975242259483,5,1,0,0,1,0,0,0,0,517,late-stage,1
5.19295685089021,1,1,0,0,0,0,0,1,1,179,seed,0
5.910796644040527,0,0,0,0,0,0,0,0,0,368,unknown,0
5.365976015021851,6,2,0,1,1,0,0,0,0,213,public,1
4.04305126783455,0,4,1,1,1,1,0,0,0,56,unknown,1
4.356708826689592,1,2,1,0,0,0,1,0,0,77,seed,1
6.51471269087253,3,1,0,0,0,0,1,0,0,674,series b,0
5.659482215759621,5,1,0,0,0,0,1,0,1,286,late-stage,0
4.787491742782046,1,4,1,1,0,1,0,1,0,119,seed,1
5.736572297479192,2,2,0,1,0,0,1,0,0,309,series a,1
5.765191102784844,1,0,0,0,0,0,0,0,0,318,seed,0
6.035481432524756,4,4,1,1,1,1,0,0,0,417,series c,1
5.288267030694535,5,0,0,0,0,0,0,0,0,197,late-stage,0
2.639057329615259,4,1,0,0,0,0,1,0,0,13,series c,1
6.486160788944089,0,2,0,0,0,0,1,1,0,655,unknown,0
4.553876891600541,5,2,1,1,0,0,0,0,0,94,late-stage,1
5.198497031265826,0,2,1,1,0,0,0,0,0,180,unknown,1
4.007333185232471,2,1,0,0,0,0,1,0,1,54,series a,1
8.16763571524637,3,1,0,0,0,0,0,1,0,3524,series b,0
4.61512051684126,3,4,0,1,1,0,1,1,0,100,series b,1
5.44673737166631,1,2,1,1,0,0,0,0,1,231,seed,1
5.147494476813453,5,3,1,1,0,0,0,1,0,171,late-stage,1
8.098034756176071,0,2,0,1,1,0,0,0,0,3287,unknown,0
5.318119993844216,1,1,0,1,0,0,0,0,0,203,seed,0
7.677400430514807,5,1,0,1,0,0,0,0,0,2158,late-stage,0
5.111987788356544,6,2,1,1,0,0,0,0,0,165,public,0
5.87493073085203,0,0,0,0,0,0,0,0,0,355,unknown,0
3.1354942159291497,4,1,1,0,0,0,0,0,0,22,series c,0
5.54907608489522,1,1,0,1,0,0,0,0,0,256,seed,0
6.612041034833092,2,0,0,0,0,0,0,0,0,743,series a,0
4.219507705176107,2,1,0,0,0,0,0,1,0,67,series a,0
6.834108738813838,6,1,0,0,0,1,0,0,0,928,public,0
5.493061443340548,1,1,0,0,0,0,0,1,0,242,seed,0
6.663132695990803,2,3,1,1,0,0,1,0,0,782,series a,1
3.8066624897703196,3,4,1,1,1,0,1,0,0,44,series b,1
7.857867559331803,5,2,1,0,0,0,1,0,0,2585,late-stage,0
4.23410650459726,4,3,0,0,1,1,1,0,0,68,series c,1
5.986452005284438,3,1,1,0,0,0,0,0,0,397,series b,0
8.84361509218395,5,2,1,1,0,0,0,0,0,6929,late-stage,1
5.634789603169249,5,0,0,0,0,0,0,0,0,279,late-stage,0
5.19295685089021,0,1,0,1,0,0,0,0,0,179,unknown,0
7.088408778675395,3,1,1,0,0,0,0,0,0,1197,series b,0
5.176149732573829,6,1,0,1,0,0,0,0,0,176,public,1
5.181783550292085,1,0,0,0,0,0,0,0,0,177,seed,0
6.309918278226516,1,2,0,0,0,1,1,0,0,549,seed,0
4.7535901911063645,0,3,1,1,0,0,1,0,0,115,unknown,1
5.545177444479562,1,2,0,0,0,1,0,1,0,255,seed,0
4.6443908991413725,0,1,0,1,0,0,0,0,1,103,unknown,0
6.1675164908883415,2,3,1,1,0,0,0,1,0,476,series a,1
7.0192966537150445,6,1,1,0,0,0,0,0,0,1117,public,0
5.181783550292085,1,0,0,0,0,0,0,0,0,177,seed,0
5.318119993844216,4,2,0,1,1,0,0,0,0,203,series c,1
4.04305126783455,6,3,0,1,0,1,0,1,1,56,public,1
6.672032945461067,6,4,1,1,1,1,0,0,0,789,public,1
5.493061443340548,2,2,0,1,0,0,0,1,0,242,series a,0
5.017279836814924,2,2,0,1,0,0,1,0,0,150,series a,1
8.871645667501872,6,1,0,0,1,0,0,0,0,7126,public,0
5.181783550292085,4,0,0,0,0,0,0,0,0,177,series c,0
4.51085950651685,3,1,0,0,0,1,0,0,0,90,series b,0
7.126890808898808,5,0,0,0,0,0,0,0,0,1244,late-stage,0
4.653960350157523,0,0,0,0,0,0,0,0,0,104,unknown,0
6.480044561926653,3,1,0,1,0,0,0,0,0,651,series b,0
5.10594547390058,6,2,0,0,1,0,0,1,0,164,public,1
6.3835066348840055,1,0,0,0,0,0,0,0,0,591,seed,0
5.1647859739235145,0,2,0,1,0,0,1,0,0,174,unknown,0
4.919980925828125,2,2,0,0,1,0,1,0,0,136,series a,1
4.02535169073515,2,3,1,1,1,0,0,0,0,55,series a,1
5.318119993844216,0,1,0,0,1,0,0,0,0,203,unknown,0
4.709530201312334,6,0,0,0,0,0,0,0,0,110,public,0
3.7612001156935624,4,0,0,0,0,0,0,0,0,42,series c,0
6.257667587882639,4,0,0,0,0,0,0,0,0,521,series c,0
5.351858133476067,4,1,0,0,0,0,1,0,0,210,series c,0
5.267858159063328,1,1,0,0,0,0,1,0,0,193,seed,0
4.48863636973214,5,2,0,1,1,0,0,0,0,88,late-stage,1
4.976733742420574,5,0,0,0,0,0,0,0,0,144,late-stage,0
6.555356891810665,0,0,0,0,0,0,0,0,0,702,unknown,0
8.6652683094816,0,2,1,0,0,0,0,1,0,5797,unknown,0
7.4413203897176174,2,3,1,1,0,1,0,0,0,1704,series a,1
5.081404364984463,4,0,0,0,0,0,0,0,1,160,series c,0
7.450079569807499,3,1,1,0,0,0,0,0,0,1719,series b,0
7.471363088187097,3,4,1,1,0,1,0,1,0,1756,series b,1
5.3706380281276624,2,0,0,0,0,0,0,0,0,214,series a,0
7.415776975415394,4,0,0,0,0,0,0,0,0,1661,series c,0
6.405228458030842,4,0,0,0,0,0,0,0,0,604,series c,0
6.648984550024776,1,1,0,0,0,0,1,0,0,771,seed,0
8.192570471152173,4,0,0,0,0,0,0,0,0,3613,series c,0
5.459585514144159,2,1,0,1,0,0,0,0,0,234,series a,1
5.963579343618446,5,0,0,0,0,0,0,0,0,388,late-stage,0
6.8658910748834385,5,1,0,1,0,0,0,0,0,958,late-stage,0
5.568344503761097,0,4,0,1,1,1,1,0,0,261,unknown,1
8.549466751966532,6,0,0,0,0,0,0,0,0,5163,public,0
4.02535169073515,5,4,1,1,0,1,0,1,0,55,late-stage,1
5.424950017481403,3,2,1,1,0,0,0,0,1,226,series b,1
5.480638923341991,0,2,0,0,1,0,0,1,0,239,unknown,1
7.510430556378006,1,1,0,0,0,1,0,0,0,1826,seed,0
5.241747015059643,6,1,0,0,0,0,0,1,0,188,public,0
6.535241271013659,2,3,1,1,0,1,0,0,0,688,series a,1
6.723832440821209,2,1,0,1,0,0,0,0,0,831,series a,1
4.553876891600541,5,0,0,0,0,0,0,0,0,94,late-stage,0
8.279697133877628,5,0,0,0,0,0,0,0,0,3942,late-stage,1
6.859614903654202,5,2,0,1,0,1,0,0,0,952,late-stage,0
7.374001859350161,1,0,0,0,0,0,0,0,0,1593,seed,0
5.680172609017068,2,1,0,1,0,0,0,0,0,292,series a,0
5.44673737166631,6,1,0,0,0,1,0,0,0,231,public,0
5.891644211825771,2,0,0,0,0,0,0,0,0,361,series a,0
6.230481447578482,0,2,0,0,0,0,1,1,0,507,unknown,0
4.060443010546419,0,1,0,0,0,0,1,0,0,57,unknown,0
4.143134726391533,6,2,1,1,0,0,0,0,0,62,public,1
3.4657359027997265,0,0,0,0,0,0,0,0,0,31,unknown,0
4.454347296253507,2,2,1,0,0,0,0,1,0,85,series a,1
5.159055299214529,0,1,1,0,0,0,0,0,1,173,unknown,0
5.666426688112432,0,3,1,1,0,0,1,0,1,288,unknown,1
6.175867270105761,5,1,0,1,0,0,0,0,0,480,late-stage,0
4.605170185988092,6,1,0,1,0,0,0,0,0,99,public,0
6.74993119378857,4,1,0,0,0,0,1,0,0,853,series c,1
5.327876168789581,3,2,0,0,1,0,1,0,0,205,series b,1
6.582025138892826,4,2,1,1,0,0,0,0,0,721,series c,1
6.8416154764775925,6,3,1,1,0,0,0,1,0,935,public,1
5.7430031878094825,0,2,1,0,0,1,0,0,0,311,unknown,0
6.171700597410915,5,2,0,0,1,0,1,0,0,478,late-stage,0
8.760139370026627,2,3,1,0,0,0,1,1,0,6374,series a,0
6.236369590203704,2,0,0,0,0,0,0,0,0,510,series a,0
5.8289456176102075,1,1,0,1,0,0,0,0,1,339,seed,0
3.7376696182833684,4,4,0,1,1,1,1,0,0,41,series c,1
6.306275286948016,1,0,0,0,0,0,0,0,0,547,seed,0
4.762173934797756,0,0,0,0,0,0,0,0,0,116,unknown,0
6.583409222158765,2,2,0,0,0,0,1,1,0,722,series a,1
5.111987788356544,2,3,1,1,1,0,0,0,0,165,series a,1
6.3473892096560105,2,1,0,0,0,1,0,0,0,570,series a,0
6.881411303642535,1,2,1,1,0,0,0,0,0,973,seed,1
4.276666119016055,0,1,0,0,0,0,1,0,0,71,unknown,0
4.248495242049359,1,3,1,1,0,1,0,0,0,69,seed,1
6.97166860472579,5,1,1,0,0,0,0,0,0,1065,late-stage,0
3.6109179126442243,1,1,0,0,0,1,0,0,0,36,seed,0
7.124478262493424,2,3,1,1,0,0,1,0,0,1241,series a,1
6.0063531596017325,0,1,0,1,0,0,0,0,0,405,unknown,0
4.77912349311153,2,3,1,1,1,0,0,0,1,118,series a,1
7.618251097876695,1,2,0,0,1,0,0,1,0,2034,seed,0
4.04305126783455,4,1,0,0,0,0,1,0,0,56,series c,0
5.030437921392435,5,3,0,1,1,0,0,1,0,152,late-stage,0
5.247024072160486,5,4,1,1,1,0,1,0,0,189,late-stage,1
5.575949103146316,2,0,0,0,0,0,0,0,0,263,series a,0
7.106606137727303,4,0,0,0,0,0,0,0,0,1219,series c,0
5.236441962829949,0,2,0,1,1,0,0,0,1,187,unknown,0
6.918695219020472,0,2,0,1,0,1,0,0,1,1010,unknown,1
5.521460917862246,4,2,1,0,0,1,0,0,0,249,series c,1
3.044522437723423,0,0,0,0,0,0,0,0,0,20,unknown,0
4.532599493153256,5,1,0,0,0,1,0,0,0,92,late-stage,0
5.075173815233827,1,1,0,1,0,0,0,0,0,159,seed,1
4.532599493153256,2,2,1,0,1,0,0,0,0,92,series a,1
5.5134287461649825,4,1,0,0,0,1,0,0,0,247,series c,0
5.958424693029782,3,0,0,0,0,0,0,0,1,386,series b,0
6.52649485957079,6,2,1,1,0,0,0,0,0,682,public,0
6.74993119378857,5,0,0,0,0,0,0,0,0,853,late-stage,0
3.784189633918261,1,1,0,0,0,0,0,1,0,43,seed,0
2.70805020110221,6,1,0,1,0,0,0,0,0,14,public,0
6.761572768804055,1,2,1,1,0,0,0,0,0,863,seed,1
5.991464547107982,4,1,0,0,0,0,0,1,0,399,series c,0
4.653960350157523,2,2,0,1,0,0,0,1,0,104,series a,1
4.976733742420574,1,0,0,0,0,0,0,0,0,144,seed,0
5.676753802268282,5,0,0,0,0,0,0,0,0,291,late-stage,0
5.043425116919247,3,2,0,0,0,0,1,1,0,154,series b,1
6.089044875446846,5,1,0,0,1,0,0,0,0,440,late-stage,1
6.951772164398911,1,0,0,0,0,0,0,0,0,1044,seed,0
5.442417710521793,6,0,0,0,0,0,0,0,0,230,public,0
6.470799503782602,1,0,0,0,0,0,0,0,0,645,seed,0
4.624972813284271,0,2,0,0,0,0,1,1,0,101,unknown,0
5.902633333401366,1,0,0,0,0,0,0,0,0,365,seed,0
7.835183755266748,4,1,0,1,0,0,0,0,1,2527,series c,1
7.2868764117507,1,0,0,0,0,0,0,0,1,1460,seed,0
4.969813299576001,0,1,0,1,0,0,0,0,0,143,unknown,0
6.704414354964107,3,3,1,0,0,1,1,0,0,815,series b,1
4.6913478822291435,5,3,0,1,1,0,1,0,0,108,late-stage,1
5.834810737062605,4,3,0,1,1,0,0,1,0,341,series c,1
4.859812404361672,3,2,0,0,1,1,0,0,0,128,series b,0
4.330733340286331,4,1,0,0,0,0,0,1,0,75,series c,0
3.6888794541139363,6,2,1,1,0,0,0,0,1,39,public,1
5.123963979403259,6,2,0,0,0,0,1,1,0,167,public,0
4.727387818712341,0,2,1,1,0,0,0,0,0,112,unknown,1
5.7430031878094825,3,1,0,1,0,0,0,0,0,311,series b,0
4.2626798770413155,4,2,0,0,0,1,0,1,0,70,series c,0
5.187385805840755,5,2,0,0,0,1,1,0,0,178,late-stage,1
5.262690188904886,4,0,0,0,0,0,0,0,0,192,series c,0
4.976733742420574,6,0,0,0,0,0,0,0,1,144,public,1
6.761572768804055,2,1,0,1,0,0,0,0,1,863,series a,0
4.23410650459726,0,0,0,0,0,0,0,0,0,68,unknown,0
5.700443573390686,1,0,0,0,0,0,0,0,0,298,seed,0
6.218600119691729,4,0,0,0,0,0,0,0,1,501,series c,0
4.5217885770490405,6,1,0,1,0,0,0,0,0,91,public,0
4.997212273764115,0,0,0,0,0,0,0,0,0,147,unknown,0
3.912023005428146,3,2,0,1,0,0,0,1,0,49,series b,1
6.42648845745769,6,0,0,0,0,0,0,0,1,617,public,0
3.58351893845611,4,2,0,1,0,1,0,0,0,35,series c,1
3.784189633918261,1,4,1,1,0,1,0,1,0,43,seed,1
6.248042874508429,5,1,0,0,0,1,0,0,0,516,late-stage,0
5.655991810819852,1,1,0,0,1,0,0,0,0,285,seed,0
4.48863636973214,6,1,1,0,0,0,0,0,0,88,public,0
6.499787040655854,4,1,0,0,0,1,0,0,0,664,series c,0
7.161622002939187,5,2,0,1,0,0,1,0,0,1288,late-stage,0
2.70805020110221,4,0,0,0,0,0,0,0,0,14,series c,0
5.602118820879701,2,0,0,0,0,0,0,0,0,270,series a,1
5.780743515792329,4,0,0,0,0,0,0,0,0,323,series c,0
4.663439094112067,6,1,0,0,0,0,0,1,0,105,public,0
7.107425474110705,2,2,0,1,1,0,0,0,0,1220,series a,1
3.295836866004329,5,0,0,0,0,0,0,0,1,26,late-stage,0
6.470799503782602,4,0,0,0,0,0,0,0,0,645,series c,0
6.20455776256869,3,3,1,1,0,0,0,1,0,494,series b,1
2.833213344056216,4,3,1,0,0,0,1,1,1,16,series c,1
5.093750200806762,0,0,0,0,0,0,0,0,0,162,unknown,0
6.208590026096629,0,1,0,0,0,0,0,1,0,496,unknown,0
5.75890177387728,2,1,0,1,0,0,0,0,0,316,series a,0
5.247024072160486,6,1,0,1,0,0,0,0,0,189,public,0
6.400257445308821,5,1,0,0,0,0,1,0,0,601,late-stage,0
7.239214973779806,0,1,0,1,0,0,0,0,0,1392,unknown,1
4.418840607796598,6,1,0,0,0,0,0,1,0,82,public,0
7.269616749608169,1,2,1,0,0,0,1,0,1,1435,seed,1
6.345636360828596,2,2,1,1,0,0,0,0,0,569,series a,1
5.4510384535657,5,3,1,1,1,0,0,0,0,232,late-stage,1
5.25227342804663,5,1,0,1,0,0,0,0,0,190,late-stage,1
5.459585514144159,0,1,0,1,0,0,0,0,0,234,unknown,0
4.61512051684126,2,2,0,0,0,1,0,1,0,100,series a,0
4.110873864173311,2,1,0,0,0,0,0,1,0,60,series a,0
3.828641396489095,6,1,0,1,0,0,0,0,0,45,public,0
4.31748811353631,5,1,0,0,0,0,1,0,0,74,late-stage,0
6.588926477533519,1,0,0,0,0,0,0,0,0,726,seed,0
5.638354669333745,1,1,1,0,0,0,0,0,0,280,seed,0
3.970291913552122,0,2,0,0,1,0,0,1,0,52,unknown,1
5.7430031878094825,2,2,0,1,1,0,0,0,0,311,series a,0
5.857933154483459,2,0,0,0,0,0,0,0,0,349,series a,0
6.126869184114185,5,1,0,1,0,0,0,0,1,457,late-stage,0
6.025865973825314,2,1,0,0,1,0,0,0,0,413,series a,0
7.535830462798367,5,3,0,1,0,0,1,1,0,1873,late-stage,0
4.727387818712341,2,1,0,1,0,0,0,0,0,112,series a,0
6.705639094860003,1,2,0,1,0,1,0,0,0,816,seed,1
3.091042453358316,0,2,0,0,0,0,1,1,0,21,unknown,0
8.409385238781931,5,2,0,1,0,0,1,0,0,4488,late-stage,1
3.912023005428146,6,0,0,0,0,0,0,0,0,49,public,0
3.8712010109078907,3,0,0,0,0,0,0,0,0,47,series b,0
6.635946555686647,5,0,0,0,0,0,0,0,0,761,late-stage,0
7.299797366758161,4,3,1,1,0,0,1,0,0,1479,series c,1
4.48863636973214,6,2,0,1,0,0,1,0,0,88,public,0
6.129050210060545,4,1,0,1,0,0,0,0,0,458,series c,1
5.736572297479192,1,2,0,1,1,0,0,0,0,309,seed,0
5.10594547390058,5,2,1,0,1,0,0,0,0,164,late-stage,1
5.560681631015528,6,3,1,1,0,0,0,1,0,259,public,1
4.060443010546419,4,0,0,0,0,0,0,0,0,57,series c,0
6.447305862541213,1,2,1,1,0,0,0,0,0,630,seed,0
4.060443010546419,2,1,0,0,0,0,0,1,0,57,series a,0
5.521460917862246,3,1,0,0,0,0,1,0,0,249,series b,1
5.541263545158426,5,2,0,1,1,0,0,0,1,254,late-stage,1
3.1780538303479458,1,2,0,1,1,0,0,0,0,23,seed,1
5.54907608489522,1,3,1,1,0,0,1,0,0,256,seed,1
3.9889840465642745,4,1,0,1,0,0,0,0,0,53,series c,0
4.31748811353631,0,2,1,1,0,0,0,0,0,74,unknown,1
6.452048954437226,0,1,0,1,0,0,0,0,0,633,unknown,0
5.1647859739235145,5,1,0,0,0,0,0,1,0,174,late-stage,0
5.10594547390058,1,1,0,1,0,0,0,0,0,164,seed,0
5.777652323222656,1,2,1,0,0,0,1,0,0,322,seed,0
3.091042453358316,2,1,0,1,0,0,0,0,0,21,series a,0
7.097548850614793,1,0,0,0,0,0,0,0,0,1208,seed,0
5.272999558563747,5,2,1,0,1,0,0,0,0,194,late-stage,1
3.7612001156935624,0,0,0,0,0,0,0,0,0,42,unknown,0
1.791759469228055,6,1,0,0,0,0,0,1,0,5,public,0
5.262690188904886,6,3,1,0,0,0,1,1,0,192,public,0
4.543294782270004,4,2,0,0,0,0,1,1,0,93,series c,1
5.3706380281276624,5,1,0,1,0,0,0,0,0,214,late-stage,0
5.0238805208462765,5,1,0,0,0,0,1,0,1,151,late-stage,0
6.476972362889683,2,3,1,1,0,0,0,1,0,649,series a,1
3.7612001156935624,5,2,1,0,0,0,0,1,0,42,late-stage,1
4.276666119016055,5,1,1,0,0,0,0,0,0,71,late-stage,1
3.9318256327243257,1,0,0,0,0,0,0,0,0,50,seed,0
7.030857476116121,3,2,1,1,0,0,0,0,0,1130,series b,1
6.003887067106539,0,1,0,0,0,0,1,0,0,404,unknown,0
5.313205979041787,0,2,0,0,1,0,0,1,0,202,unknown,0
3.828641396489095,4,1,0,0,0,1,0,0,0,45,series c,1
6.6240652277998935,3,2,1,1,0,0,0,0,0,752,series b,1
7.329093736246591,5,1,1,0,0,0,0,0,0,1523,late-stage,0
6.304448802421981,0,3,0,1,0,0,1,1,0,546,unknown,0
7.6324011266014535,2,1,0,0,0,0,0,1,1,2063,series a,1
7.005789019253503,3,1,0,1,0,0,0,0,0,1102,series b,0
5.159055299214529,4,0,0,0,0,0,0,0,0,173,series c,0
5.278114659230518,4,2,1,1,0,0,0,0,0,195,series c,1
3.2188758248682006,2,3,1,1,0,0,0,1,0,24,series a,0
6.184148890937483,0,2,1,1,0,0,0,0,0,484,unknown,1
7.412160334945205,6,0,0,0,0,0,0,0,0,1655,public,0
7.486613313139955,5,1,0,0,0,0,1,0,0,1783,late-stage,0
7.38025578842646,4,4,1,1,1,1,0,0,0,1603,series c,1
5.407171771460119,2,2,1,1,0,0,0,0,0,222,series a,1
6.436150368369428,1,0,0,0,0,0,0,0,0,623,seed,0
3.6635616461296463,5,0,0,0,0,0,0,0,0,38,late-stage,0
3.8501476017100584,1,2,0,1,0,0,0,1,0,46,seed,0
5.908082938168931,6,1,0,0,0,0,1,0,0,367,public,0
5.075173815233827,6,3,1,1,0,1,0,0,0,159,public,1
4.3694478524670215,5,1,0,1,0,0,0,0,0,78,late-stage,0
6.163314804034641,6,3,1,1,0,0,0,1,0,474,public,0
7.951559331155252,4,2,0,0,1,0,1,0,0,2839,series c,0
4.060443010546419,5,0,0,0,0,0,0,0,0,57,late-stage,0
7.1693500166706,4,0,0,0,0,0,0,0,1,1298,series c,0
6.665683717782408,1,3,0,0,0,1,1,1,0,784,seed,0
6.131226489483141,1,2,1,0,0,0,1,0,0,459,seed,0
5.594711379601839,6,1,0,0,0,1,0,0,0,268,public,0
6.016157159698354,0,1,0,1,0,0,0,0,0,409,unknown,0
7.2813856635702825,0,0,0,0,0,0,0,0,0,1452,unknown,0
6.0473721790462776,2,0,0,0,0,0,0,0,0,422,series a,1
5.3471075307174685,6,2,0,0,1,0,1,0,0,209,public,0
4.330733340286331,6,3,1,1,1,0,0,0,1,75,public,1
4.61512051684126,0,4,1,1,1,0,0,1,0,100,unknown,1
3.9318256327243257,0,2,1,1,0,0,0,0,0,50,unknown,1
7.392031567514591,5,1,0,0,0,0,1,0,0,1622,late-stage,0
6.582025138892826,1,2,0,0,1,1,0,0,1,721,seed,1
6.018593214496234,1,2,0,0,0,0,1,1,0,410,seed,0
4.442651256490317,5,1,0,0,0,1,0,0,0,84,late-stage,0
6.75343791859778,5,1,0,0,1,0,0,0,0,856,late-stage,0
4.0943445622221,6,1,0,0,0,0,1,0,0,59,public,0
7.104144092987527,0,1,0,1,0,0,0,0,0,1216,unknown,0
4.844187086458591,1,2,1,1,0,0,0,0,0,126,seed,1
7.541683099882111,0,0,0,0,0,0,0,0,0,1884,unknown,0
3.091042453358316,5,0,0,0,0,0,0,0,0,21,late-stage,0
5.099866427824199,3,2,1,1,0,0,0,0,0,163,series b,1
7.0630481633881725,6,1,0,1,0,0,0,0,0,1167,public,0
4.304065093204169,1,0,0,0,0,0,0,0,0,73,seed,0
6.111467339502679,3,1,0,0,0,0,1,0,0,450,series b,0
5.472270673671475,2,1,0,1,0,0,0,0,0,237,series a,0
3.8712010109078907,0,2,1,1,0,0,0,0,0,47,unknown,0
3.5263605246161616,6,0,0,0,0,0,0,0,0,33,public,0
5.267858159063328,6,3,0,1,0,1,1,0,0,193,public,1
5.44673737166631,1,1,0,0,0,0,0,1,0,231,seed,0
6.863803391452954,1,2,1,0,0,0,1,0,0,956,seed,0
4.969813299576001,6,1,0,1,0,0,0,0,0,143,public,0
2.3978952727983707,4,2,0,1,0,1,0,0,0,10,series c,1
5.707110264748875,2,2,0,0,1,0,1,0,1,300,series a,1
4.060443010546419,4,2,0,0,0,0,1,1,0,57,series c,0
7.566828479208331,4,3,1,1,0,0,0,1,0,1932,series c,1
9.34687973611501,5,2,1,1,0,0,0,0,0,11462,late-stage,1
5.736572297479192,5,2,1,0,0,0,1,0,0,309,late-stage,1
6.666956792429207,5,0,0,0,0,0,0,0,0,785,late-stage,0
4.382026634673881,6,4,1,1,0,1,1,0,0,79,public,1
3.784189633918261,4,0,0,0,0,0,0,0,0,43,series c,0
8.152198015861787,5,1,0,1,0,0,0,0,0,3470,late-stage,0
6.473890696352274,2,0,0,0,0,0,0,0,0,647,series a,0
4.23410650459726,0,1,1,0,0,0,0,0,1,68,unknown,0
6.1903154058531475,2,1,0,1,0,0,0,0,1,487,series a,0
6.373319789577012,0,3,0,1,0,0,1,1,0,585,unknown,1
5.262690188904886,2,2,0,1,0,1,0,0,0,192,series a,1
3.8066624897703196,2,3,1,1,0,1,0,0,0,44,series a,1
5.981414211254481,0,2,0,0,1,0,0,1,0,395,unknown,0
6.893656354602635,0,0,0,0,0,0,0,0,0,985,unknown,0
6.939253946041508,3,4,1,1,0,1,1,0,0,1031,series b,1
4.976733742420574,6,1,0,0,0,0,0,1,0,144,public,0
5.805134968916488,4,1,0,0,0,0,1,0,0,331,series c,0
6.025865973825314,6,2,0,1,0,0,1,0,0,413,public,0
6.280395838960195,3,3,1,1,0,0,0,1,0,533,series b,1
5.662960480135946,0,3,1,1,0,0,0,1,1,287,unknown,1
2.9444389791664403,4,4,1,1,1,0,1,0,0,18,series c,1
4.110873864173311,3,2,1,1,0,0,0,0,1,60,series b,1
6.118097198041348,4,2,1,1,0,0,0,0,0,453,series c,1
6.587550014824796,2,0,0,0,0,0,0,0,0,725,series a,0
6.363028103540465,3,1,0,0,0,0,1,0,0,579,series b,0
5.777652323222656,2,4,1,1,0,0,1,1,1,322,series a,1
5.720311776607412,2,3,0,1,0,1,0,1,0,304,series a,1
4.770684624465665,6,1,0,1,0,0,0,0,0,117,public,1
6.459904454377535,5,2,1,0,0,1,0,0,0,638,late-stage,0
4.8283137373023015,6,0,0,0,0,0,0,0,0,124,public,0
7.146772179452637,5,1,0,0,0,0,1,0,0,1269,late-stage,0
4.5217885770490405,2,1,0,1,0,0,0,0,1,91,series a,0
6.018593214496234,3,2,1,0,1,0,0,0,0,410,series b,1
5.963579343618446,5,0,0,0,0,0,0,0,1,388,late-stage,0
5.384495062789089,5,1,0,1,0,0,0,0,0,217,late-stage,1
7.10002716662926,0,3,0,0,1,0,1,1,0,1211,unknown,1
4.859812404361672,2,2,0,1,0,0,0,1,0,128,series a,1
5.497168225293202,2,1,1,0,0,0,0,0,0,243,series a,1
6.842683282238422,1,2,0,1,0,0,0,1,0,936,seed,0
6.96979066990159,3,3,1,1,0,0,0,1,0,1063,series b,1
5.225746673713202,1,2,1,1,0,0,0,0,0,185,seed,1
3.1354942159291497,4,2,1,1,0,0,0,0,0,22,series c,0
6.660575149839686,1,1,0,0,0,0,1,0,0,780,seed,0
3.332204510175204,4,2,0,0,0,1,1,0,0,27,series c,1
5.616771097666572,4,0,0,0,0,0,0,0,1,274,series c,0
5.25227342804663,1,2,1,1,0,0,0,0,0,190,seed,1
4.605170185988092,6,1,0,0,0,0,1,0,0,99,public,0
6.148468295917647,5,2,0,0,1,1,0,0,0,467,late-stage,0
5.655991810819852,1,1,1,0,0,0,0,0,0,285,seed,0
4.1588830833596715,2,1,0,0,0,1,0,0,0,63,series a,0
7.3658128372094716,2,4,1,1,1,0,0,1,0,1580,series a,1
5.44673737166631,5,0,0,0,0,0,0,0,0,231,late-stage,1
7.103322062526113,0,3,0,1,0,0,1,1,0,1215,unknown,0
5.84354441703136,2,0,0,0,0,0,0,0,0,344,series a,0
5.501258210544727,0,1,0,1,0,0,0,0,0,244,unknown,0
5.241747015059643,6,2,1,1,0,0,0,0,0,188,public,1
5.288267030694535,1,2,1,1,0,0,0,0,1,197,seed,1
5.5093883366279774,2,1,1,0,0,0,0,0,0,246,series a,1
5.2832037287379885,6,4,1,1,0,1,0,1,0,196,public,1
4.248495242049359,3,1,1,0,0,0,0,0,0,69,series b,1
4.6913478822291435,0,0,0,0,0,0,0,0,0,108,unknown,0
3.6109179126442243,4,1,0,1,0,0,0,0,1,36,series c,1
6.4692503167957724,2,0,0,0,0,0,0,0,0,644,series a,0
4.795790545596741,4,1,0,1,0,0,0,0,0,120,series c,1
4.532599493153256,5,1,0,0,0,0,1,0,0,92,late-stage,0
5.0369526024136295,1,0,0,0,0,0,0,0,0,153,seed,0
5.529429087511423,5,1,0,0,1,0,0,0,0,251,late-stage,0
3.713572066704308,2,1,0,0,0,0,1,0,0,40,series a,0
4.04305126783455,4,0,0,0,0,0,0,0,0,56,series c,0
4.770684624465665,5,2,1,1,0,0,0,0,0,117,late-stage,1
5.605802066295998,4,1,1,0,0,0,0,0,0,271,series c,0
5.71042701737487,6,0,0,0,0,0,0,0,0,301,public,0
4.867534450455582,5,0,0,0,0,0,0,0,0,129,late-stage,1
3.7612001156935624,6,2,0,0,0,0,1,1,0,42,public,0
4.204692619390966,5,2,0,0,1,0,0,1,0,66,late-stage,1
5.247024072160486,5,2,1,1,0,0,0,0,0,189,late-stage,1
5.869296913133774,4,0,0,0,0,0,0,0,0,353,series c,0
5.225746673713202,5,2,1,1,0,0,0,0,1,185,late-stage,1
6.045005314036012,3,3,1,1,0,0,0,1,0,421,series b,1
5.3981627015177525,5,0,0,0,0,0,0,0,0,220,late-stage,0
5.429345628954441,4,2,0,0,0,1,0,1,1,227,series c,1
5.318119993844216,2,3,1,1,0,0,1,0,0,203,series a,1
5.71042701737487,5,2,0,1,0,0,1,0,0,301,late-stage,0
5.84354441703136,4,2,0,1,0,0,1,0,0,344,series c,0
4.90527477843843,5,2,0,0,1,1,0,0,0,134,late-stage,0
4.564348191467836,5,0,0,0,0,0,0,0,1,95,late-stage,0
6.238324625039508,6,2,0,0,1,1,0,0,0,511,public,1
4.941642422609304,3,2,1,0,0,0,0,1,0,139,series b,1
4.736198448394496,1,2,0,1,0,0,1,0,0,113,seed,1
6.796823718274855,1,1,0,0,0,0,1,0,0,894,seed,0
4.727387818712341,5,1,0,0,0,0,0,1,0,112,late-stage,0
6.966024187106113,6,1,0,0,0,0,1,0,0,1059,public,0
6.90975328164481,5,0,0,0,0,0,0,0,0,1001,late-stage,0
5.683579767338681,5,0,0,0,0,0,0,0,0,293,late-stage,0
4.59511985013459,0,1,1,0,0,0,0,0,0,98,unknown,0
2.5649493574615367,2,1,0,0,0,1,0,0,0,12,series a,1
7.687080155783135,5,1,0,1,0,0,0,0,0,2179,late-stage,0
6.324358962381311,4,1,0,0,0,0,1,0,0,557,series c,0
3.4011973816621555,6,1,0,0,1,0,0,0,0,29,public,0
6.09807428216624,4,0,0,0,0,0,0,0,0,444,series c,0
5.68697535633982,6,1,0,1,0,0,0,0,0,294,public,0
5.081404364984463,2,4,0,1,1,0,1,1,0,160,series a,1
6.3080984415095305,1,1,0,0,0,1,0,0,0,548,seed,0
4.2626798770413155,3,0,0,0,0,0,0,0,1,70,series b,0
4.564348191467836,3,0,0,0,0,0,0,0,0,95,series b,0
5.82600010738045,4,0,0,0,0,0,0,0,0,338,series c,0
5.375278407684165,6,2,0,1,0,0,0,1,0,215,public,0
4.804021044733257,0,1,0,0,0,1,0,0,0,121,unknown,0
4.969813299576001,4,1,0,0,0,0,1,0,0,143,series c,0
3.1354942159291497,5,3,1,1,0,0,1,0,0,22,late-stage,1
4.795790545596741,2,1,0,1,0,0,0,0,0,120,series a,0
5.700443573390686,1,3,1,1,0,0,1,0,0,298,seed,1
4.976733742420574,5,0,0,0,0,0,0,0,0,144,late-stage,1
4.61512051684126,0,2,0,0,0,1,0,1,0,100,unknown,0
4.2626798770413155,6,3,1,1,1,0,0,0,0,70,public,1
5.7430031878094825,3,2,0,0,1,1,0,0,0,311,series b,0
6.373319789577012,4,2,1,1,0,0,0,0,0,585,series c,1
5.648974238161206,0,2,0,0,1,0,0,1,0,283,unknown,0
3.2188758248682006,2,2,0,1,0,0,1,0,0,24,series a,1
6.919683849847411,1,1,0,1,0,0,0,0,0,1011,seed,0
3.258096538021482,5,3,0,1,1,1,0,0,0,25,late-stage,1
5.337538079701318,4,2,0,1,0,0,0,1,0,207,series c,0
6.12029741895095,6,3,1,1,0,0,1,0,0,454,public,1
5.823045895483019,5,3,0,0,1,1,1,0,0,337,late-stage,1
6.582025138892826,6,1,0,1,0,0,0,0,0,721,public,0
3.8501476017100584,5,1,0,0,1,0,0,0,0,46,late-stage,1
3.8501476017100584,2,0,0,0,0,0,0,0,0,46,series a,0
5.0106352940962555,4,0,0,0,0,0,0,0,0,149,series c,0
4.709530201312334,4,1,0,1,0,0,0,0,0,110,series c,0
4.2626798770413155,1,1,0,1,0,0,0,0,0,70,seed,0
6.818924065275521,3,0,0,0,0,0,0,0,0,914,series b,0
6.042632833682381,6,2,0,1,0,1,0,0,1,420,public,0
8.516392871245468,4,0,0,0,0,0,0,0,0,4995,series c,0
6.363028103540465,4,1,0,0,0,1,0,0,0,579,series c,0
7.6586995582682995,0,1,0,1,0,0,0,0,0,2118,unknown,0
6.220590170099739,4,2,0,1,0,1,0,0,0,502,series c,1
6.71174039505618,6,0,0,0,0,0,0,0,0,821,public,0
2.302585092994046,0,0,0,0,0,0,0,0,0,9,unknown,0
5.0106352940962555,1,1,0,0,0,0,0,1,0,149,seed,0
5.1647859739235145,2,0,0,0,0,0,0,0,1,174,series a,0
4.127134385045092,1,1,0,1,0,0,0,0,0,61,seed,0
4.406719247264253,6,0,0,0,0,0,0,0,0,81,public,0
6.052089168924417,6,2,0,1,0,0,1,0,0,424,public,1
5.765191102784844,1,1,0,0,0,0,1,0,0,318,seed,0
5.958424693029782,3,1,0,0,0,0,1,0,0,386,series b,0
3.091042453358316,6,2,1,1,0,0,0,0,0,21,public,1
4.890349128221754,5,3,0,1,0,1,1,0,0,132,late-stage,1
5.0106352940962555,4,3,1,1,0,0,1,0,0,149,series c,1
6.655440350367647,0,2,0,1,0,0,0,1,0,776,unknown,0
5.983936280687191,2,0,0,0,0,0,0,0,0,396,series a,0
5.075173815233827,4,1,0,0,1,0,0,0,0,159,series c,1
6.455198563340122,5,3,0,0,0,1,1,1,1,635,late-stage,1
5.198497031265826,4,2,1,1,0,0,0,0,0,180,series c,1
7.027314514039777,2,2,1,1,0,0,0,0,0,1126,series a,1
7.614312146452,0,2,1,1,0,0,0,0,1,2026,unknown,1
7.450660796211539,3,1,0,0,0,0,1,0,1,1720,series b,0
4.248495242049359,5,1,0,1,0,0,0,0,0,69,late-stage,1
6.104793232414985,5,2,1,1,0,0,0,0,0,447,late-stage,1
5.783825182329737,0,1,0,0,1,0,0,0,0,324,unknown,1
7.52131798019924,5,3,1,1,0,1,0,0,1,1846,late-stage,1
4.912654885736052,0,1,0,0,0,0,0,1,0,135,unknown,0
7.362645270417825,4,0,0,0,0,0,0,0,0,1575,series c,0
5.497168225293202,6,3,1,1,0,0,0,1,1,243,public,1
5.66988092298052,1,3,1,1,0,0,0,1,0,289,seed,1
4.2626798770413155,4,1,0,0,0,0,0,1,1,70,series c,0
5.739792912179234,6,1,0,1,0,0,0,0,0,310,public,0
7.087573705557973,1,5,1,1,1,1,0,1,0,1196,seed,1
7.891330757661889,6,1,0,0,0,0,0,1,0,2673,public,0
7.139660335964919,5,3,0,1,0,1,1,0,0,1260,late-stage,1
5.817111159963204,3,1,0,0,0,0,1,0,0,335,series b,0
3.367295829986474,1,0,0,0,0,0,0,0,0,28,seed,0
5.0238805208462765,5,2,1,0,0,0,0,1,0,151,late-stage,0
4.844187086458591,1,0,0,0,0,0,0,0,0,126,seed,0
9.658673380311523,5,2,0,0,0,1,0,1,1,15656,late-stage,0
5.926926025970411,0,0,0,0,0,0,0,0,0,374,unknown,0
5.929589143389895,3,1,0,1,0,0,0,0,0,375,series b,0
5.187385805840755,0,3,1,1,0,1,0,0,0,178,unknown,1
6.932447891572509,6,1,0,0,0,0,0,1,1,1024,public,1
6.329720905522696,3,1,0,0,0,0,0,1,0,560,series b,0
7.091742115095153,6,5,1,1,1,1,1,0,0,1201,public,1
5.111987788356544,6,0,0,0,0,0,0,0,0,165,public,1
5.117993812416755,5,1,0,0,1,0,0,0,0,166,late-stage,0
5.929589143389895,1,3,1,1,0,0,1,0,0,375,seed,1
6.07993319509559,1,2,0,1,0,0,1,0,0,436,seed,1
5.3471075307174685,0,0,0,0,0,0,0,0,0,209,unknown,0
5.272999558563747,6,0,0,0,0,0,0,0,0,194,public,0
5.796057750765372,0,2,1,1,0,0,0,0,0,328,unknown,1
6.104793232414985,3,2,1,1,0,0,0,0,0,447,series b,1
2.302585092994046,5,1,0,0,0,1,0,0,0,9,late-stage,0
5.062595033026967,6,2,0,0,0,1,0,1,0,157,public,0
7.0587581525186645,1,3,0,0,1,1,1,0,0,1162,seed,0
5.056245805348308,6,2,1,1,0,0,0,0,0,156,public,1
3.9318256327243257,2,0,0,0,0,0,0,0,0,50,series a,0
4.852030263919617,2,1,0,0,0,1,0,0,0,127,series a,0
7.44716835960004,4,0,0,0,0,0,0,0,0,1714,series c,0
4.941642422609304,4,0,0,0,0,0,0,0,0,139,series c,0
4.174387269895637,1,1,0,0,0,0,0,1,0,64,seed,0
5.60947179518496,5,0,0,0,0,0,0,0,0,272,late-stage,0
6.220590170099739,2,2,1,1,0,0,0,0,0,502,series a,1
5.937536205082426,4,4,1,1,1,0,0,1,0,378,series c,1
4.23410650459726,5,2,1,1,0,0,0,0,0,68,late-stage,1
4.477336814478207,3,2,0,1,1,0,0,0,0,87,series b,1
3.4965075614664802,4,1,1,0,0,0,0,0,0,32,series c,0
5.153291594497779,5,1,0,1,0,0,0,0,1,172,late-stage,0
4.477336814478207,2,0,0,0,0,0,0,0,0,87,series a,0
4.852030263919617,3,1,0,0,1,0,0,0,0,127,series b,1
5.991464547107982,0,3,1,1,0,0,1,0,0,399,unknown,1
5.375278407684165,0,0,0,0,0,0,0,0,0,215,unknown,0
6.907755278982137,4,1,0,1,0,0,0,0,0,999,series c,0
7.948031990637284,0,1,1,0,0,0,0,0,0,2829,unknown,0
6.45833828334479,3,0,0,0,0,0,0,0,0,637,series b,0
4.919980925828125,0,2,1,1,0,0,0,0,0,136,unknown,1
5.777652323222656,0,0,0,0,0,0,0,0,0,322,unknown,0
5.5134287461649825,2,0,0,0,0,0,0,0,0,247,series a,0
10.819798284210286,1,1,0,0,0,0,1,0,1,50000,seed,0
5.429345628954441,4,2,0,0,1,1,0,0,0,227,series c,0
3.828641396489095,3,2,0,0,1,0,1,0,0,45,series b,1
3.4965075614664802,4,1,0,0,1,0,0,0,0,32,series c,0
4.634728988229636,1,0,0,0,0,0,0,0,0,102,seed,0
6.052089168924417,5,1,0,0,0,0,0,1,0,424,late-stage,0
6.1779441140506,6,1,0,0,0,1,0,0,0,481,public,0
3.8066624897703196,5,1,0,0,0,0,1,0,0,44,late-stage,0
5.198497031265826,5,1,0,0,1,0,0,0,0,180,late-stage,0
4.406719247264253,0,3,1,1,0,1,0,0,0,81,unknown,1
7.3833681469923835,3,2,0,0,1,0,1,0,0,1608,series b,0
4.727387818712341,4,4,1,1,0,1,1,0,0,112,series c,1
3.6109179126442243,3,2,0,1,0,1,0,0,0,36,series b,1
4.976733742420574,1,2,1,1,0,0,0,0,0,144,seed,0
4.736198448394496,6,1,0,1,0,0,0,0,0,113,public,1
5.69035945432406,4,1,0,0,0,0,0,1,0,295,series c,0
4.330733340286331,4,1,0,0,0,0,0,1,0,75,series c,1
4.219507705176107,0,1,0,0,0,0,0,1,1,67,unknown,0
4.406719247264253,4,1,0,0,0,0,1,0,0,81,series c,0
4.90527477843843,3,2,0,1,0,0,1,0,1,134,series b,0
6.51025834052315,1,1,0,1,0,0,0,0,0,671,seed,0
5.5134287461649825,4,1,1,0,0,0,0,0,0,247,series c,1
7.487173694213739,1,1,0,1,0,0,0,0,0,1784,seed,0
4.852030263919617,0,0,0,0,0,0,0,0,0,127,unknown,0
3.7376696182833684,0,0,0,0,0,0,0,0,0,41,unknown,0
3.6375861597263857,0,2,1,1,0,0,0,0,0,37,unknown,1
5.659482215759621,3,1,0,0,0,0,1,0,0,286,series b,0
5.823045895483019,3,1,0,0,0,1,0,0,1,337,series b,1
5.556828061699537,6,3,1,1,1,0,0,0,0,258,public,1
5.043425116919247,1,0,0,0,0,0,0,0,0,154,seed,0
5.634789603169249,3,3,0,0,1,0,1,1,0,279,series b,1
5.407171771460119,2,2,1,1,0,0,0,0,0,222,series a,0
5.849324779946859,1,1,0,0,0,0,1,0,1,346,seed,0
4.61512051684126,1,0,0,0,0,0,0,0,0,100,seed,1
7.947678571301568,0,2,1,1,0,0,0,0,0,2828,unknown,0
6.040254711277414,2,1,1,0,0,0,0,0,0,419,series a,1
4.477336814478207,4,3,0,0,1,1,0,1,1,87,series c,1
5.575949103146316,5,0,0,0,0,0,0,0,1,263,late-stage,0
5.1647859739235145,2,3,1,1,0,1,0,0,0,174,series a,1
5.332718793265369,5,0,0,0,0,0,0,0,0,206,late-stage,0
6.755768921984256,0,1,0,1,0,0,0,0,1,858,unknown,0
5.976350909297934,4,0,0,0,0,0,0,0,0,393,series c,0
9.17014318222477,3,0,0,0,0,0,0,0,0,9605,series b,0
7.1204443723924875,5,2,0,1,0,1,0,0,0,1236,late-stage,0
6.786716950605081,2,3,1,1,1,0,0,0,0,885,series a,1
5.583496308781699,4,1,0,1,0,0,0,0,0,265,series c,0
3.4965075614664802,5,1,0,0,0,0,0,1,0,32,late-stage,0
7.329093736246591,1,2,0,1,0,0,0,1,0,1523,seed,1
4.997212273764115,6,1,1,0,0,0,0,0,0,147,public,0
6.7464121285733745,1,1,0,0,0,0,0,1,1,850,seed,0
8.200837258379849,4,0,0,0,0,0,0,0,0,3643,series c,0
5.87493073085203,4,0,0,0,0,0,0,0,0,355,series c,0
5.220355825078325,4,3,0,1,0,1,0,1,0,184,series c,0
6.269096283706261,0,2,0,1,0,0,0,1,1,527,unknown,0
4.543294782270004,1,1,0,0,0,0,1,0,0,93,seed,0
5.676753802268282,3,0,0,0,0,0,0,0,0,291,series b,0
3.367295829986474,5,3,1,1,0,0,0,1,0,28,late-stage,1
3.58351893845611,4,2,1,1,0,0,0,0,0,35,series c,1
4.430816798843313,1,0,0,0,0,0,0,0,0,83,seed,0
7.838737559599282,6,0,0,0,0,0,0,0,0,2536,public,0
5.655991810819852,5,1,0,1,0,0,0,0,1,285,late-stage,1
4.709530201312334,3,1,0,0,0,1,0,0,0,110,series b,1
4.8283137373023015,3,3,1,1,0,0,1,0,0,124,series b,1
7.101675971619444,1,1,0,0,0,0,0,1,0,1213,seed,0
4.787491742782046,2,2,1,1,0,0,0,0,0,119,series a,1
5.1298987149230735,2,1,0,1,0,0,0,0,0,168,series a,0
4.304065093204169,2,0,0,0,0,0,0,0,0,73,series a,0
2.4849066497880004,2,1,0,1,0,0,0,0,0,11,series a,0
5.579729825986222,1,0,0,0,0,0,0,0,0,264,seed,0
4.990432586778736,5,0,0,0,0,0,0,0,0,146,late-stage,0
7.0587581525186645,2,3,0,1,1,0,1,0,0,1162,series a,1
6.672032945461067,4,0,0,0,0,0,0,0,0,789,series c,0
4.553876891600541,5,2,0,0,0,1,0,1,0,94,late-stage,0
3.970291913552122,4,2,0,1,0,0,1,0,0,52,series c,1
5.808142489980444,3,2,1,1,0,0,0,0,0,332,series b,1
6.19644412779452,0,3,1,1,1,0,0,0,0,490,unknown,1
4.820281565605037,4,2,0,1,1,0,0,0,0,123,series c,1
5.147494476813453,0,1,0,0,0,1,0,0,0,171,unknown,0
5.645446897643238,0,0,0,0,0,0,0,0,0,282,unknown,0
5.420534999272286,1,2,1,1,0,0,0,0,0,225,seed,1
5.736572297479192,5,1,0,0,0,0,0,1,1,309,late-stage,1
6.253828811575473,2,1,0,0,1,0,0,0,0,519,series a,0
3.8501476017100584,3,0,0,0,0,0,0,0,1,46,series b,1
4.23410650459726,1,2,0,1,0,1,0,0,0,68,seed,1
4.6443908991413725,2,1,0,0,0,0,0,1,1,103,series a,0
