employee_count_log,funding_stage_ord,num_regulatory_flags,flag_crypto,flag_cross_border_payments,flag_high_risk_corridors,flag_correspondent_banking,flag_neobank,flag_lending,employee_count,funding_stage,converted
5.8971538676367405,4,1,0,0,1,0,0,0,363,series c,0
6.643789733147672,3,0,0,0,0,0,0,0,767,series b,0
5.438079308923196,1,1,0,0,0,0,1,0,229,seed,0
6.061456918928017,5,1,0,0,0,0,0,1,428,late-stage,0
4.430816798843313,3,0,0,0,0,0,0,0,83,series b,0
6.633318433280377,4,3,1,1,1,0,0,0,759,series c,1
4.672828834461906,0,1,1,0,0,0,0,0,106,unknown,0
5.049856007249537,0,2,0,1,0,0,0,1,155,unknown,1
6.398594934535208,0,2,0,0,0,0,1,1,600,unknown,0
6.133398042996649,3,2,1,1,0,0,0,0,460,series b,1
3.332204510175204,6,1,1,0,0,0,0,0,27,public,1
5.236441962829949,0,2,1,0,0,0,0,1,187,unknown,0
4.812184355372417,4,2,0,0,0,1,0,1,122,series c,1
5.966146739123692,3,2,1,1,0,0,0,0,389,series b,1
3.6109179126442243,2,1,0,1,0,0,0,0,36,series a,0
4.454347296253507,3,2,0,0,1,0,0,1,85,series b,1
4.875197323201151,0,1,0,0,0,1,0,0,130,unknown,0
8.267192185932146,1,0,0,0,0,0,0,0,3893,seed,0
6.07993319509559,3,0,0,0,0,0,0,0,436,series b,0
5.786897381366708,0,1,0,0,1,0,0,0,325,unknown,0
7.741099090035366,6,2,1,1,0,0,0,0,2300,public,1
5.288267030694535,1,4,1,1,1,0,1,0,197,seed,1
4.3694478524670215,6,2,0,0,1,1,0,0,78,public,1
6.20050917404269,5,2,0,1,0,1,0,0,492,late-stage,1
5.799092654460526,0,1,0,0,0,0,0,1,329,unknown,0
4.653960350157523,6,2,1,1,0,0,0,0,104,public,1
3.2188758248682006,1,4,1,1,0,0,1,1,24,seed,1
7.7475968386928855,3,2,0,1,0,0,0,1,2315,series b,1
5.159055299214529,1,2,1,1,0,0,0,0,173,seed,0
5.91350300563827,1,3,1,1,0,0,0,1,369,seed,1
5.84354441703136,2,1,1,0,0,0,0,0,344,series a,1
5.176149732573829,6,0,0,0,0,0,0,0,176,public,0
5.926926025970411,4,0,0,0,0,0,0,0,374,series c,0
7.752335163302292,1,0,0,0,0,0,0,0,2326,seed,0
6.786716950605081,0,2,0,0,1,0,1,0,885,unknown,0
5.41610040220442,1,0,0,0,0,0,0,0,224,seed,0
4.634728988229636,3,2,1,1,0,0,0,0,102,series b,1
2.833213344056216,4,3,0,1,1,1,0,0,16,series c,1
6.889591308354466,5,3,0,1,0,0,1,1,981,late-stage,1
5.337538079701318,6,0,0,0,0,0,0,0,207,public,0
6.594413459749778,2,2,0,0,1,0,0,1,730,series a,0
3.8918202981106265,0,1,0,0,0,0,0,1,48,unknown,0
4.890349128221754,5,3,1,0,0,1,0,1,132,late-stage,1
5.75890177387728,5,4,1,0,1,1,1,0,316,late-stage,1
2.4849066497880004,1,1,0,0,0,0,0,1,11,seed,0
5.375278407684165,0,1,0,0,0,0,0,1,215,unknown,0
7.73718007783463,5,4,1,1,0,0,1,1,2291,late-stage,0
4.653960350157523,4,1,0,0,0,1,0,0,104,series c,0
5.075173815233827,3,4,1,1,0,0,1,1,159,series b,1
4.406719247264253,6,0,0,0,0,0,0,0,81,public,0
5.123963979403259,3,2,1,1,0,0,0,0,167,series b,1
6.883462586413092,3,0,0,0,0,0,0,0,975,series b,0
5.2832037287379885,1,2,0,0,0,1,1,0,196,seed,1
6.091309882077698,5,3,1,1,0,1,0,0,441,late-stage,1
4.574710978503383,4,0,0,0,0,0,0,0,96,series c,0
5.631211781821365,0,3,1,1,0,0,1,0,278,unknown,1
4.356708826689592,5,3,1,1,0,1,0,0,77,late-stage,1
4.276666119016055,6,1,0,1,0,0,0,0,71,public,0
3.332204510175204,5,1,0,0,0,0,1,0,27,late-stage,0
6.0014148779611505,5,0,0,0,0,0,0,0,403,late-stage,0
4.356708826689592,0,2,0,0,0,0,1,1,77,unknown,0
5.746203190540153,2,1,0,1,0,0,0,0,312,series a,1
5.176149732573829,4,1,0,0,0,0,1,0,176,series c,0
5.808142489980444,6,0,0,0,0,0,0,0,332,public,0
4.955827057601261,6,1,0,0,0,0,0,1,141,public,0
6.20455776256869,3,3,0,1,0,1,1,0,494,series b,0
4.454347296253507,5,2,0,1,0,0,0,1,85,late-stage,0
6.113682179832232,5,0,0,0,0,0,0,0,451,late-stage,0
2.995732273553991,3,1,0,0,0,1,0,0,19,series b,0
5.723585101952381,2,1,0,1,0,0,0,0,305,series a,0
7.902487437162855,2,2,0,1,0,1,0,0,2703,series a,1
3.332204510175204,0,0,0,0,0,0,0,0,27,unknown,0
2.1972245773362196,1,2,0,1,0,0,1,0,8,seed,1
6.0063531596017325,4,0,0,0,0,0,0,0,405,series c,0
4.882801922586371,1,2,1,0,0,0,1,0,131,seed,1
2.4849066497880004,3,4,1,1,0,0,1,1,11,series b,1
4.23410650459726,3,2,0,0,0,1,1,0,68,series b,1
3.9318256327243257,1,0,0,0,0,0,0,0,50,seed,0
4.304065093204169,2,2,0,0,1,0,0,1,73,series a,1
5.863631175598097,1,4,1,1,1,1,0,0,351,seed,1
3.091042453358316,3,0,0,0,0,0,0,0,21,series b,0
8.163656176168432,0,0,0,0,0,0,0,0,3510,unknown,0
6.46302945692067,5,3,1,1,1,0,0,0,640,late-stage,1
5.831882477283517,0,3,0,1,1,0,1,0,340,unknown,1
5.3981627015177525,3,1,0,1,0,0,0,0,220,series b,1
3.8918202981106265,6,1,0,0,0,1,0,0,48,public,1
4.406719247264253,1,0,0,0,0,0,0,0,81,seed,0
5.241747015059643,3,1,0,0,0,1,0,0,188,series b,1
4.02535169073515,1,1,1,0,0,0,0,0,55,seed,0
7.079184394609668,1,1,0,0,0,1,0,0,1186,seed,0
7.356279876550748,3,1,1,0,0,0,0,0,1565,series b,1
4.584967478670572,5,0,0,0,0,0,0,0,97,late-stage,0
6.054439346269371,0,2,0,1,1,0,0,0,425,unknown,1
4.976733742420574,2,2,0,1,1,0,0,0,144,series a,1
5.484796933490655,0,0,0,0,0,0,0,0,240,unknown,0
7.118826249062078,2,2,0,1,0,0,0,1,1234,series a,1
6.86484777797086,2,1,0,1,0,0,0,0,957,series a,0
8.1786387885907,4,2,0,1,0,0,1,0,3563,series c,1
6.784457062637643,0,1,0,0,0,0,0,1,883,unknown,0
4.762173934797756,5,1,0,0,0,0,0,1,116,late-stage,0
7.01571242048723,5,4,1,1,0,0,1,1,1113,late-stage,1
6.139884552226255,6,0,0,0,0,0,0,0,463,public,0
6.089044875446846,5,1,0,1,0,0,0,0,440,late-stage,1
5.673323267171493,6,2,0,0,1,0,0,1,290,public,1
5.135798437050262,5,0,0,0,0,0,0,0,169,late-stage,0
6.102558594613569,4,2,0,1,0,0,1,0,446,series c,0
6.285998094508865,3,0,0,0,0,0,0,0,536,series b,0
5.659482215759621,3,0,0,0,0,0,0,0,286,series b,0
6.371611847231857,0,1,0,1,0,0,0,0,584,unknown,0
5.568344503761097,4,1,0,1,0,0,0,0,261,series c,0
5.030437921392435,4,0,0,0,0,0,0,0,152,series c,0
5.501258210544727,4,0,0,0,0,0,0,0,244,series c,0
4.51085950651685,5,0,0,0,0,0,0,0,90,late-stage,0
3.713572066704308,1,2,1,1,0,0,0,0,40,seed,0
4.663439094112067,2,2,0,0,0,1,0,1,105,series a,0
4.31748811353631,0,3,1,1,0,0,0,1,74,unknown,1
5.583496308781699,3,1,0,1,0,0,0,0,265,series b,0
5.736572297479192,6,1,0,0,0,1,0,0,309,public,0
6.298949246855942,1,0,0,0,0,0,0,0,543,seed,0
5.147494476813453,0,3,0,0,1,0,1,1,171,unknown,1
6.0867747269123065,1,2,0,0,1,0,0,1,439,seed,0
4.343805421853684,0,1,0,0,1,0,0,0,76,unknown,0
5.5053315359323625,5,3,0,1,0,0,1,1,245,late-stage,1
6.839476438228843,3,1,0,0,1,0,0,0,933,series b,0
2.3978952727983707,3,2,1,1,0,0,0,0,10,series b,1
5.030437921392435,1,0,0,0,0,0,0,0,152,seed,0
5.976350909297934,0,2,0,0,0,1,1,0,393,unknown,0
6.297109319933935,3,1,0,0,0,0,1,0,542,series b,1
4.304065093204169,0,3,1,1,0,0,1,0,73,unknown,1
4.356708826689592,1,1,0,1,0,0,0,0,77,seed,0
3.1780538303479458,3,2,1,0,0,0,0,1,23,series b,1
4.7535901911063645,4,0,0,0,0,0,0,0,115,series c,0
5.926926025970411,5,3,1,1,0,1,0,0,374,late-stage,1
6.858565034791365,4,0,0,0,0,0,0,0,951,series c,0
5.8944028342648505,2,2,0,0,0,1,1,0,362,series a,1
4.919980925828125,3,1,0,1,0,0,0,0,136,series b,0
5.017279836814924,0,3,0,1,1,0,0,1,150,unknown,0
2.8903717578961645,6,1,0,1,0,0,0,0,17,public,1
4.9344739331306915,3,1,0,0,0,0,0,1,138,series b,0
2.833213344056216,5,0,0,0,0,0,0,0,16,late-stage,0
3.970291913552122,6,2,0,1,0,0,1,0,52,public,0
4.5217885770490405,5,1,0,0,0,1,0,0,91,late-stage,0
6.466144724237619,3,2,1,0,0,0,1,0,642,series b,1
4.465908118654584,2,2,0,1,0,0,0,1,86,series a,1
5.3612921657094255,2,3,0,0,1,1,0,1,212,series a,0
4.969813299576001,0,2,0,0,1,0,0,1,143,unknown,0
7.227662498728655,4,1,0,0,0,0,0,1,1376,series c,0
5.733341276897746,6,0,0,0,0,0,0,0,308,public,0
7.123672785204607,5,2,0,0,0,0,1,1,1240,late-stage,0
6.284134161070802,0,2,0,0,0,0,1,1,535,unknown,0
6.403574197934815,2,0,0,0,0,0,0,0,603,series a,0
4.394449154672439,6,2,1,1,0,0,0,0,80,public,1
5.736572297479192,1,2,0,1,0,0,0,1,309,seed,0
5.808142489980444,4,0,0,0,0,0,0,0,332,series c,0
7.370860166536716,5,2,1,0,0,0,1,0,1588,late-stage,0
7.407924322559599,4,0,0,0,0,0,0,0,1648,series c,0
6.09807428216624,4,1,0,0,0,0,0,1,444,series c,0
2.5649493574615367,5,4,0,1,1,0,1,1,12,late-stage,1
5.648974238161206,5,2,0,1,0,0,1,0,283,late-stage,1
4.6913478822291435,5,1,0,1,0,0,0,0,108,late-stage,0
4.6913478822291435,2,2,1,1,0,0,0,0,108,series a,1
6.212606095751519,2,0,0,0,0,0,0,0,498,series a,0
3.8712010109078907,3,2,0,0,0,0,1,1,47,series b,0
6.222576268071369,4,1,0,0,0,1,0,0,503,series c,0
7.471363088187097,0,0,0,0,0,0,0,0,1756,unknown,0
6.016157159698354,6,2,1,1,0,0,0,0,409,public,1
6.55250788703459,6,1,0,1,0,0,0,0,700,public,0
6.448889394146858,1,1,0,1,0,0,0,0,631,seed,1
6.838405200847344,2,3,1,1,0,0,1,0,932,series a,1
6.726233402358747,6,2,1,1,0,0,0,0,833,public,1
5.918893854273146,1,3,1,0,1,0,0,1,371,seed,1
5.755742213586912,6,1,0,0,0,0,0,1,315,public,0
9.28859686994195,2,1,0,1,0,0,0,0,10813,series a,0
2.4849066497880004,5,2,1,1,0,0,0,0,11,late-stage,1
6.910750787961936,0,0,0,0,0,0,0,0,1002,unknown,0
3.58351893845611,5,0,0,0,0,0,0,0,35,late-stage,0
5.003946305945459,1,1,1,0,0,0,0,0,148,seed,0
7.049254841255837,3,2,1,1,0,0,0,0,1151,series b,0
6.0867747269123065,1,1,0,0,0,0,1,0,439,seed,0
7.097548850614793,5,3,1,1,0,1,0,0,1208,late-stage,1
5.298317366548036,3,0,0,0,0,0,0,0,199,series b,1
4.04305126783455,6,0,0,0,0,0,0,0,56,public,0
5.288267030694535,5,1,0,0,1,0,0,0,197,late-stage,1
3.7612001156935624,5,5,1,1,1,0,1,1,42,late-stage,1
5.598421958998375,0,0,0,0,0,0,0,0,269,unknown,0
4.442651256490317,4,1,0,1,0,0,0,0,84,series c,1
5.908082938168931,1,1,1,0,0,0,0,0,367,seed,0
4.174387269895637,2,2,1,0,0,1,0,0,64,series a,1
4.31748811353631,5,1,1,0,0,0,0,0,74,late-stage,0
5.7745515455444085,5,1,0,0,1,0,0,0,321,late-stage,0
6.942156705699469,3,4,1,1,1,1,0,0,1034,series b,1
5.075173815233827,3,2,1,1,0,0,0,0,159,series b,1
6.12029741895095,6,0,0,0,0,0,0,0,454,public,0
6.364750756851911,3,0,0,0,0,0,0,0,580,series b,0
6.376726947898627,6,0,0,0,0,0,0,0,587,public,0
5.616771097666572,3,1,0,0,0,0,0,1,274,series b,0
3.8066624897703196,0,2,0,0,1,0,1,0,44,unknown,1
6.118097198041348,1,1,0,1,0,0,0,0,453,seed,1
6.831953565565855,4,3,1,1,0,0,1,0,926,series c,1
3.9512437185814275,6,0,0,0,0,0,0,0,51,public,0
4.912654885736052,2,0,0,0,0,0,0,0,135,series a,0
4.02535169073515,0,3,1,1,0,0,0,1,55,unknown,0
6.893656354602635,4,2,1,0,1,0,0,0,985,series c,1
6.218600119691729,6,1,0,0,0,0,0,1,501,public,0
6.835184586147301,1,0,0,0,0,0,0,0,929,seed,0
4.976733742420574,5,0,0,0,0,0,0,0,144,late-stage,0
3.8501476017100584,0,1,0,0,0,1,0,0,46,unknown,0
5.575949103146316,1,0,0,0,0,0,0,0,263,seed,0
4.74493212836325,2,2,0,1,0,0,1,0,114,series a,1
6.536691597591305,6,2,0,1,1,0,0,0,689,public,1
7.5480289699350145,2,1,0,0,0,0,0,1,1896,series a,0
4.454347296253507,3,2,1,0,1,0,0,0,85,series b,1
4.812184355372417,6,3,1,1,0,1,0,0,122,public,1
7.045776576879511,6,2,0,0,0,0,1,1,1147,public,1
5.4638318050256105,0,0,0,0,0,0,0,0,235,unknown,0
6.236369590203704,0,1,0,0,0,0,1,0,510,unknown,0
6.45833828334479,5,2,1,1,0,0,0,0,637,late-stage,0
6.359573868672378,4,3,1,0,1,0,1,0,577,series c,1
4.859812404361672,1,1,0,0,0,0,1,0,128,seed,0
6.754604099487962,4,4,1,1,1,1,0,0,857,series c,1
5.455321115357702,2,2,0,0,1,1,0,0,233,series a,0
5.37989735354046,2,0,0,0,0,0,0,0,216,series a,0
6.520621127558696,5,2,0,1,0,0,1,0,678,late-stage,0
4.836281906951478,2,2,0,0,1,0,0,1,125,series a,1
6.137727054086234,5,1,0,1,0,0,0,0,462,late-stage,0
5.4638318050256105,2,2,1,1,0,0,0,0,235,series a,1
5.921578419643816,4,2,1,1,0,0,0,0,372,series c,1
6.013715156042802,5,2,0,1,0,0,1,0,408,late-stage,0
4.406719247264253,2,1,0,1,0,0,0,0,81,series a,1
7.192182058713246,6,2,0,0,1,1,0,0,1328,public,1
4.110873864173311,5,4,1,1,0,1,1,0,60,late-stage,1
3.091042453358316,2,1,0,0,0,1,0,0,21,series a,1
4.290459441148391,3,0,0,0,0,0,0,0,72,series b,0
5.272999558563747,2,0,0,0,0,0,0,0,194,series a,0
6.52795791762255,3,2,0,1,0,1,0,0,683,series b,0
5.6240175061873385,6,1,0,0,0,0,1,0,276,public,0
5.860786223465865,3,3,1,1,0,0,1,0,350,series b,1
5.10594547390058,2,1,0,0,0,0,0,1,164,series a,1
5.429345628954441,6,0,0,0,0,0,0,0,227,public,0
6.910750787961936,5,2,0,0,1,0,1,0,1002,late-stage,1
5.225746673713202,5,3,0,1,1,0,1,0,185,late-stage,1
7.952263308657046,3,1,0,0,0,0,0,1,2841,series b,0
6.406879986069314,5,2,0,1,0,1,0,0,605,late-stage,1
8.844336332748933,2,3,0,1,1,1,0,0,6934,series a,1
4.859812404361672,6,1,0,0,0,0,1,0,128,public,0
5.976350909297934,3,0,0,0,0,0,0,0,393,series b,0
2.4849066497880004,0,1,0,0,1,0,0,0,11,unknown,1
4.867534450455582,1,2,0,0,1,0,1,0,129,seed,1
5.2574953720277815,2,2,0,1,0,1,0,0,191,series a,0
5.75890177387728,4,1,0,1,0,0,0,0,316,series c,0
5.043425116919247,1,2,0,1,0,0,1,0,154,seed,1
5.351858133476067,3,2,1,0,1,0,0,0,210,series b,1
3.5263605246161616,3,0,0,0,0,0,0,0,33,series b,0
3.367295829986474,2,1,0,0,0,1,0,0,28,series a,0
6.775366090936392,1,1,0,0,0,0,1,0,875,seed,0
4.804021044733257,4,2,1,1,0,0,0,0,121,series c,1
6.302618975744905,5,3,0,0,0,1,1,1,545,late-stage,0
5.480638923341991,6,2,1,1,0,0,0,0,239,public,1
3.332204510175204,6,1,0,1,0,0,0,0,27,public,0
8.884748726451182,6,2,1,0,0,0,1,0,7220,public,0
5.616771097666572,6,3,0,1,1,0,0,1,274,public,1
4.499809670330265,3,3,1,1,0,0,0,1,89,series b,1
4.330733340286331,1,1,0,0,0,1,0,0,75,seed,0
5.3706380281276624,4,0,0,0,0,0,0,0,214,series c,0
4.59511985013459,4,0,0,0,0,0,0,0,98,series c,1
5.82600010738045,2,1,0,1,0,0,0,0,338,series a,1
4.718498871295094,5,1,0,0,1,0,0,0,111,late-stage,0
5.220355825078325,0,3,0,1,0,1,0,1,184,unknown,1
5.017279836814924,6,2,1,1,0,0,0,0,150,public,1
3.4011973816621555,2,0,0,0,0,0,0,0,29,series a,1
5.099866427824199,3,1,1,0,0,0,0,0,163,series b,0
6.591673732008658,4,0,0,0,0,0,0,0,728,series c,0
5.762051382780177,4,2,0,1,0,1,0,0,317,series c,1
4.442651256490317,3,1,0,1,0,0,0,0,84,series b,0
6.79346613258001,5,0,0,0,0,0,0,0,891,late-stage,0
4.430816798843313,6,1,0,0,0,1,0,0,83,public,0
7.033506484287697,1,1,0,0,1,0,0,0,1133,seed,0
3.091042453358316,3,0,0,0,0,0,0,0,21,series b,0
5.777652323222656,0,0,0,0,0,0,0,0,322,unknown,0
5.5093883366279774,4,1,0,0,0,0,1,0,246,series c,0
6.26530121273771,0,1,0,0,0,0,0,1,525,unknown,0
4.127134385045092,2,2,1,1,0,0,0,0,61,series a,1
5.267858159063328,6,1,0,0,0,0,0,1,193,public,0
5.476463551931511,5,1,0,0,0,0,0,1,238,late-stage,0
6.163314804034641,6,1,0,1,0,0,0,0,474,public,0
5.19295685089021,0,2,1,0,1,0,0,0,179,unknown,1
5.69035945432406,3,2,0,1,0,1,0,0,295,series b,0
1.791759469228055,4,2,1,0,1,0,0,0,5,series c,1
5.713732805509369,3,1,1,0,0,0,0,0,302,series b,0
7.893945138235959,0,1,1,0,0,0,0,0,2680,unknown,0
8.695841342843883,0,3,1,1,1,0,0,0,5977,unknown,1
5.2832037287379885,3,2,0,0,1,1,0,0,196,series b,1
6.331501849893691,5,1,0,1,0,0,0,0,561,late-stage,0
3.1354942159291497,2,2,1,1,0,0,0,0,22,series a,1
8.925188429378027,4,0,0,0,0,0,0,0,7518,series c,1
5.6240175061873385,0,0,0,0,0,0,0,0,276,unknown,0
6.930494765951626,1,1,0,0,0,0,1,0,1022,seed,0
4.23410650459726,5,2,0,1,0,0,1,0,68,late-stage,1
5.030437921392435,1,2,0,1,0,1,0,0,152,seed,1
5.8888779583328805,2,3,0,1,1,1,0,0,360,series a,0
4.31748811353631,2,2,1,0,0,0,1,0,74,series a,1
6.925595197110468,6,2,1,0,0,1,0,0,1017,public,1
7.360739903058278,1,3,1,0,1,0,0,1,1572,seed,0
4.48863636973214,5,0,0,0,0,0,0,0,88,late-stage,0
4.624972813284271,4,3,1,1,0,0,0,1,101,series c,1
6.663132695990803,0,1,0,0,0,0,0,1,782,unknown,0
4.442651256490317,4,3,1,1,0,0,0,1,84,series c,1
4.382026634673881,1,1,0,1,0,0,0,0,79,seed,0
5.529429087511423,2,0,0,0,0,0,0,0,251,series a,0
7.8804263442924,5,2,1,1,0,0,0,0,2644,late-stage,1
6.541029999189903,6,1,0,0,0,0,1,0,692,public,0
3.2188758248682006,3,3,1,0,1,1,0,0,24,series b,1
7.580189417944541,3,1,0,0,1,0,0,0,1958,series b,0
4.189654742026425,1,1,0,1,0,0,0,0,65,seed,1
5.537334267018537,2,2,0,0,0,1,1,0,253,series a,0
5.655991810819852,1,0,0,0,0,0,0,0,285,seed,0
7.509335266016592,5,1,0,0,0,0,1,0,1824,late-stage,0
6.333279628139691,4,2,1,0,0,0,1,0,562,series c,1
7.124478262493424,0,0,0,0,0,0,0,0,1241,unknown,0
8.567886305731756,5,0,0,0,0,0,0,0,5259,late-stage,0
2.8903717578961645,2,3,0,1,1,0,0,1,17,series a,1
4.418840607796598,6,1,0,0,0,0,0,1,82,public,0
5.37989735354046,2,0,0,0,0,0,0,0,216,series a,0
6.180016653652572,4,1,0,0,0,0,0,1,482,series c,0
4.927253685157205,1,3,1,1,0,0,0,1,137,seed,1
5.834810737062605,6,2,1,1,0,0,0,0,341,public,1
5.488937726156687,1,3,0,1,0,0,1,1,241,seed,1
4.007333185232471,4,2,0,1,0,0,0,1,54,series c,1
4.04305126783455,2,1,0,0,0,0,1,0,56,series a,1
5.560681631015528,6,3,0,1,0,0,1,1,259,public,0
5.87493073085203,4,2,1,1,0,0,0,0,355,series c,1
5.817111159963204,2,0,0,0,0,0,0,0,335,series a,1
4.6913478822291435,1,3,1,1,0,0,0,1,108,seed,1
5.831882477283517,0,2,0,1,0,0,0,1,340,unknown,0
6.045005314036012,2,3,0,0,1,0,1,1,421,series a,0
6.222576268071369,4,0,0,0,0,0,0,0,503,series c,0
6.395261598115449,1,0,0,0,0,0,0,0,598,seed,0
3.5553480614894135,5,3,0,0,1,1,0,1,34,late-stage,1
3.6635616461296463,3,1,0,0,1,0,0,0,38,series b,0
4.762173934797756,1,2,0,0,0,1,0,1,116,seed,1
4.787491742782046,5,1,0,0,1,0,0,0,119,late-stage,0
6.802394763324311,4,1,0,0,0,0,1,0,899,series c,0
6.300785794663244,6,3,1,1,1,0,0,0,544,public,1
6.682108597449809,0,3,0,1,1,0,1,0,797,unknown,0
3.7612001156935624,1,0,0,0,0,0,0,0,42,seed,0
7.637716432664798,5,0,0,0,0,0,0,0,2074,late-stage,0
1.9459101490553132,4,1,0,0,0,0,0,1,6,series c,1
6.74993119378857,3,0,0,0,0,0,0,0,853,series b,0
6.812345094177479,6,1,0,0,0,0,1,0,908,public,1
6.3080984415095305,4,3,1,1,0,1,0,0,548,series c,1
9.515100775962715,3,1,0,1,0,0,0,0,13562,series b,1
6.913737350659685,6,3,0,1,0,0,1,1,1005,public,0
6.513230110912307,3,0,0,0,0,0,0,0,673,series b,0
4.983606621708336,5,3,1,1,1,0,0,0,145,late-stage,1
7.693937325509272,1,1,0,0,0,0,0,1,2194,seed,0
6.573680166960646,6,1,0,0,0,0,1,0,715,public,0
5.429345628954441,4,2,0,1,1,0,0,0,227,series c,1
5.170483995038151,4,2,0,0,0,1,1,0,175,series c,0
5.14166355650266,0,1,0,0,0,1,0,0,170,unknown,0
4.836281906951478,0,0,0,0,0,0,0,0,125,unknown,0
3.091042453358316,3,0,0,0,0,0,0,0,21,series b,0
5.0238805208462765,6,2,0,1,0,0,1,0,151,public,1
5.0369526024136295,1,1,0,0,0,0,0,1,153,seed,0
4.23410650459726,5,0,0,0,0,0,0,0,68,late-stage,0
5.062595033026967,6,1,0,1,0,0,0,0,157,public,1
5.583496308781699,5,2,0,1,0,0,0,1,265,late-stage,0
6.416732282512326,4,1,0,1,0,0,0,0,611,series c,0
3.6888794541139363,4,1,0,0,0,0,1,0,39,series c,0
3.4965075614664802,1,0,0,0,0,0,0,0,32,seed,0
4.852030263919617,3,1,1,0,0,0,0,0,127,series b,1
3.9318256327243257,6,1,0,0,0,0,0,1,50,public,0
5.187385805840755,3,0,0,0,0,0,0,0,178,series b,0
4.1588830833596715,1,2,1,1,0,0,0,0,63,seed,1
5.424950017481403,5,3,0,1,0,1,1,0,226,late-stage,1
6.0014148779611505,2,1,0,0,0,0,0,1,403,series a,0
6.71901315438526,2,0,0,0,0,0,0,0,827,series a,0
4.663439094112067,1,1,0,0,0,0,1,0,105,seed,0
5.176149732573829,0,2,0,1,0,0,1,0,176,unknown,0
7.295735072749282,3,2,0,1,0,0,0,1,1473,series b,1
5.442417710521793,6,2,1,1,0,0,0,0,230,public,1
5.602118820879701,6,0,0,0,0,0,0,0,270,public,0
7.841492924460013,2,1,0,1,0,0,0,0,2543,series a,1
8.643297068211963,2,2,0,0,1,0,1,0,5671,series a,0
4.51085950651685,6,2,1,1,0,0,0,0,90,public,1
5.953243334287785,4,0,0,0,0,0,0,0,384,series c,0
7.095064377287131,2,0,0,0,0,0,0,0,1205,series a,0
7.237778191923443,5,1,0,1,0,0,0,0,1390,late-stage,0
4.990432586778736,5,1,0,1,0,0,0,0,146,late-stage,0
5.198497031265826,0,2,0,1,0,0,0,1,180,unknown,0
5.5134287461649825,0,1,0,0,0,0,0,1,247,unknown,0
8.065579427282092,2,1,1,0,0,0,0,0,3182,series a,0
3.9318256327243257,1,1,0,0,0,1,0,0,50,seed,0
4.477336814478207,2,1,0,0,0,1,0,0,87,series a,0
5.198497031265826,1,2,1,1,0,0,0,0,180,seed,1
4.48863636973214,0,2,1,1,0,0,0,0,88,unknown,1
5.3706380281276624,2,1,0,1,0,0,0,0,214,series a,0
5.017279836814924,2,1,0,1,0,0,0,0,150,series a,0
6.322565239927284,4,0,0,0,0,0,0,0,556,series c,0
5.272999558563747,2,0,0,0,0,0,0,0,194,series a,0
4.927253685157205,4,1,0,1,0,0,0,0,137,series c,1
6.476972362889683,3,1,0,1,0,0,0,0,649,series b,1
3.091042453358316,0,2,0,0,0,1,1,0,21,unknown,1
7.8156105320351905,1,0,0,0,0,0,0,0,2478,seed,0
4.143134726391533,0,2,0,1,1,0,0,0,62,unknown,1
4.418840607796598,0,3,1,1,1,0,0,0,82,unknown,1
5.420534999272286,2,0,0,0,0,0,0,0,225,series a,0
5.170483995038151,6,0,0,0,0,0,0,0,175,public,0
5.8664680569332965,3,1,0,1,0,0,0,0,352,series b,0
5.6131281063880705,3,4,0,0,1,1,1,1,273,series b,1
5.62040086571715,2,2,1,1,0,0,0,0,275,series a,1
7.635786861395585,0,2,0,0,1,0,0,1,2070,unknown,0
3.9318256327243257,4,3,1,1,0,0,1,0,50,series c,1
7.329093736246591,4,4,1,1,1,0,0,1,1523,series c,1
3.6635616461296463,0,1,0,1,0,0,0,0,38,unknown,0
6.335054251498059,5,4,1,1,1,0,0,1,563,late-stage,1
7.258412150595307,2,4,1,1,0,0,1,1,1419,series a,1
6.016157159698354,1,3,1,1,0,0,0,1,409,seed,1
4.5217885770490405,6,0,0,0,0,0,0,0,91,public,0
5.5909869805108565,1,1,0,0,1,0,0,0,267,seed,0
2.9444389791664403,2,1,0,1,0,0,0,0,18,series a,0
4.5217885770490405,1,0,0,0,0,0,0,0,91,seed,0
4.219507705176107,4,2,0,1,0,1,0,0,67,series c,0
5.886104031450156,5,1,0,0,0,1,0,0,359,late-stage,0
4.700480365792417,2,1,0,1,0,0,0,0,109,series a,0
6.284134161070802,4,1,1,0,0,0,0,0,535,series c,1
5.10594547390058,1,1,0,0,0,0,0,1,164,seed,0
5.723585101952381,3,0,0,0,0,0,0,0,305,series b,0
4.356708826689592,3,0,0,0,0,0,0,0,77,series b,0
6.274762021241939,3,0,0,0,0,0,0,0,530,series b,0
3.6375861597263857,5,1,0,0,0,0,1,0,37,late-stage,1
6.021023349349527,0,0,0,0,0,0,0,0,411,unknown,1
5.820082930352362,4,2,1,1,0,0,0,0,336,series c,1
2.639057329615259,4,0,0,0,0,0,0,0,13,series c,0
4.844187086458591,0,1,0,0,0,0,0,1,126,unknown,0
4.927253685157205,6,4,1,1,1,0,1,0,137,public,1
6.068425588244111,5,2,0,1,0,0,1,0,431,late-stage,1
7.160069207596127,0,2,0,1,1,0,0,0,1286,unknown,0
6.767343125265392,5,2,0,1,0,1,0,0,868,late-stage,1
6.813444599510896,3,1,1,0,0,0,0,0,909,series b,0
5.765191102784844,1,2,1,1,0,0,0,0,318,seed,0
3.1354942159291497,3,3,0,1,0,1,1,0,22,series b,1
4.77912349311153,3,2,0,0,1,1,0,0,118,series b,0
5.209486152841421,3,0,0,0,0,0,0,0,182,series b,0
4.356708826689592,1,1,0,0,0,1,0,0,77,seed,0
5.605802066295998,6,1,0,1,0,0,0,0,271,public,0
6.569481420414296,2,2,1,1,0,0,0,0,712,series a,1
4.454347296253507,5,2,0,0,0,1,1,0,85,late-stage,0
5.545177444479562,3,1,0,0,0,0,1,0,255,series b,0
7.734996194022781,5,1,0,0,0,1,0,0,2286,late-stage,0
4.634728988229636,2,2,0,1,0,1,0,0,102,series a,1
5.796057750765372,5,2,0,1,1,0,0,0,328,late-stage,0
5.4680601411351315,3,2,0,0,0,1,0,1,236,series b,0
4.477336814478207,3,0,0,0,0,0,0,0,87,series b,0
4.634728988229636,2,4,1,1,0,1,0,1,102,series a,1
7.897668150726906,5,1,0,1,0,0,0,0,2690,late-stage,0
4.897839799950911,1,1,1,0,0,0,0,0,133,seed,0
7.166265974133638,3,2,1,0,0,1,0,0,1294,series b,0
5.5134287461649825,5,3,0,1,0,1,0,1,247,late-stage,1
5.983936280687191,6,2,1,1,0,0,0,0,396,public,1
3.58351893845611,0,3,1,1,1,0,0,0,35,unknown,1
3.9512437185814275,5,3,1,1,0,1,0,0,51,late-stage,1
6.9584483932976555,5,1,0,0,0,1,0,0,1051,late-stage,0
5.241747015059643,1,3,1,1,1,0,0,0,188,seed,0
5.958424693029782,2,2,1,1,0,0,0,0,386,series a,1
6.45833828334479,6,0,0,0,0,0,0,0,637,public,0
3.784189633918261,3,2,0,1,0,1,0,0,43,series b,0
3.4011973816621555,5,0,0,0,0,0,0,0,29,late-stage,0
4.189654742026425,0,2,0,1,0,0,1,0,65,unknown,0
5.820082930352362,6,2,1,1,0,0,0,0,336,public,1
5.905361848054571,6,0,0,0,0,0,0,0,366,public,0
5.723585101952381,4,1,0,0,0,1,0,0,305,series c,0
6.602587892189336,2,1,1,0,0,0,0,0,736,series a,0
4.110873864173311,3,3,1,1,0,0,0,1,60,series b,0
4.700480365792417,4,1,0,0,0,0,0,1,109,series c,0
6.20050917404269,0,3,1,1,0,0,0,1,492,unknown,1
6.1675164908883415,6,0,0,0,0,0,0,0,476,public,0
5.579729825986222,5,0,0,0,0,0,0,0,264,late-stage,0
5.921578419643816,1,0,0,0,0,0,0,0,372,seed,0
6.536691597591305,0,0,0,0,0,0,0,0,689,unknown,0
4.532599493153256,6,2,0,1,0,0,0,1,92,public,1
5.3230099791384085,2,1,0,0,0,0,1,0,204,series a,1
7.8328075165248645,1,3,1,1,0,1,0,0,2521,seed,1
5.855071922202427,5,2,0,0,1,1,0,0,348,late-stage,1
6.79346613258001,3,2,1,0,0,1,0,0,891,series b,1
6.338594078203183,3,5,1,1,0,1,1,1,565,series b,1
4.343805421853684,2,1,1,0,0,0,0,0,76,series a,0
4.343805421853684,5,0,0,0,0,0,0,0,76,late-stage,0
6.159095388491933,1,2,0,0,0,1,0,1,472,seed,1
6.484635235635252,1,0,0,0,0,0,0,0,654,seed,0
5.351858133476067,4,1,0,0,1,0,0,0,210,series c,1
4.634728988229636,2,2,0,1,0,0,0,1,102,series a,0
6.601230118728877,6,4,1,1,1,1,0,0,735,public,1
3.970291913552122,1,0,0,0,0,0,0,0,52,seed,0
5.476463551931511,3,0,0,0,0,0,0,0,238,series b,0
6.056784013228625,0,3,0,1,0,1,1,0,426,unknown,1
6.238324625039508,4,0,0,0,0,0,0,0,511,series c,0
5.3706380281276624,0,2,0,1,0,0,0,1,214,unknown,0
7.598399329323964,4,1,0,0,0,1,0,0,1994,series c,0
4.736198448394496,3,0,0,0,0,0,0,0,113,series b,0
5.5134287461649825,3,0,0,0,0,0,0,0,247,series b,0
4.454347296253507,6,0,0,0,0,0,0,0,85,public,0
5.87493073085203,2,2,1,1,0,0,0,0,355,series a,1
4.127134385045092,4,1,0,1,0,0,0,0,61,series c,1
6.670766320845874,0,1,0,0,1,0,0,0,788,unknown,0
6.480044561926653,6,1,0,1,0,0,0,0,651,public,0
5.720311776607412,0,2,0,1,0,0,0,1,304,unknown,0
5.978885764901122,4,1,0,1,0,0,0,0,394,series c,0
5.19295685089021,6,0,0,0,0,0,0,0,179,public,0
5.908082938168931,6,1,0,0,0,1,0,0,367,public,0
5.375278407684165,6,0,0,0,0,0,0,0,215,public,0
6.0330862217988015,5,0,0,0,0,0,0,0,416,late-stage,0
5.5909869805108565,1,1,0,1,0,0,0,0,267,seed,1
3.713572066704308,2,0,0,0,0,0,0,0,40,series a,0
3.044522437723423,0,1,0,1,0,0,0,0,20,unknown,0
7.061334366910438,1,3,1,1,0,0,1,0,1165,seed,1
4.543294782270004,1,1,0,1,0,0,0,0,93,seed,1
4.663439094112067,2,1,0,1,0,0,0,0,105,series a,1
5.0689042022202315,6,2,1,1,0,0,0,0,158,public,1
6.71901315438526,6,3,0,1,0,0,1,1,827,public,0
5.796057750765372,2,0,0,0,0,0,0,0,328,series a,0
5.384495062789089,5,0,0,0,0,0,0,0,217,late-stage,0
7.113142108707088,3,3,0,0,1,1,0,1,1227,series b,1
7.05617528410041,2,1,1,0,0,0,0,0,1159,series a,0
6.959398512133975,6,1,0,1,0,0,0,0,1052,public,0
5.003946305945459,0,2,0,0,1,0,1,0,148,unknown,0
5.293304824724492,3,0,0,0,0,0,0,0,198,series b,0
3.1354942159291497,4,2,0,1,0,0,1,0,22,series c,1
4.867534450455582,1,0,0,0,0,0,0,0,129,seed,0
6.786716950605081,0,0,0,0,0,0,0,0,885,unknown,1
3.295836866004329,6,0,0,0,0,0,0,0,26,public,0
5.41610040220442,2,2,1,0,0,1,0,0,224,series a,1
4.59511985013459,6,1,0,1,0,0,0,0,98,public,1
3.8501476017100584,2,2,0,0,1,1,0,0,46,series a,0
4.499809670330265,3,0,0,0,0,0,0,0,89,series b,0
3.091042453358316,6,3,1,1,1,0,0,0,21,public,0
4.04305126783455,3,2,1,1,0,0,0,0,56,series b,1
5.497168225293202,4,4,1,1,1,0,1,0,243,series c,1
5.598421958998375,5,3,1,1,0,1,0,0,269,late-stage,1
4.624972813284271,5,0,0,0,0,0,0,0,101,late-stage,0
6.602587892189336,0,4,1,1,0,1,1,0,736,unknown,1
4.553876891600541,6,1,0,0,0,0,0,1,94,public,0
8.505525386548555,1,3,0,1,1,0,0,1,4941,seed,1
6.658011045870748,6,1,0,0,0,0,0,1,778,public,0
6.54534966033442,5,2,1,1,0,0,0,0,695,late-stage,1
7.426549072397305,4,1,0,1,0,0,0,0,1679,series c,0
5.081404364984463,5,2,1,0,0,0,0,1,160,late-stage,0
5.648974238161206,0,0,0,0,0,0,0,0,283,unknown,0
4.3694478524670215,3,1,0,0,0,0,0,1,78,series b,0
4.330733340286331,5,0,0,0,0,0,0,0,75,late-stage,0
8.177796683277778,2,1,0,1,0,0,0,0,3560,series a,0
9.395158808968725,6,0,0,0,0,0,0,0,12029,public,0
5.926926025970411,1,2,0,0,1,0,0,1,374,seed,1
4.882801922586371,1,1,0,0,0,0,0,1,131,seed,0
6.46302945692067,6,1,0,0,0,0,1,0,640,public,0
6.704414354964107,4,0,0,0,0,0,0,0,815,series c,0
6.6293632534374485,5,1,0,0,0,0,0,1,756,late-stage,0
5.262690188904886,2,1,0,0,0,0,1,0,192,series a,0
5.924255797414532,6,1,0,1,0,0,0,0,373,public,0
3.8918202981106265,1,1,0,1,0,0,0,0,48,seed,0
2.9444389791664403,1,1,0,0,0,0,0,1,18,seed,0
5.662960480135946,5,0,0,0,0,0,0,0,287,late-stage,0
4.276666119016055,1,3,1,0,1,0,1,0,71,seed,1
4.543294782270004,0,0,0,0,0,0,0,0,93,unknown,0
5.676753802268282,0,1,0,0,1,0,0,0,291,unknown,0
6.894670039433482,1,0,0,0,0,0,0,0,986,seed,1
7.616283561580385,5,2,0,1,0,0,1,0,2030,late-stage,1
6.933423025730715,4,3,1,1,0,0,1,0,1025,series c,1
4.634728988229636,0,2,0,1,0,1,0,0,102,unknown,0
5.241747015059643,0,1,0,0,0,0,0,1,188,unknown,0
5.081404364984463,0,1,0,1,0,0,0,0,160,unknown,1
5.41610040220442,5,2,0,1,0,0,0,1,224,late-stage,0
7.093404625868766,1,3,1,1,0,0,1,0,1203,seed,1
5.153291594497779,4,1,0,1,0,0,0,0,172,series c,1
6.261491684321042,3,0,0,0,0,0,0,0,523,series b,0
7.003065458786462,3,1,1,0,0,0,0,0,1099,series b,0
6.297109319933935,2,3,0,1,1,0,1,0,542,series a,1
4.6913478822291435,2,2,1,0,1,0,0,0,108,series a,1
4.736198448394496,4,2,0,1,1,0,0,0,113,series c,0
4.584967478670572,1,0,0,0,0,0,0,0,97,seed,0
6.2422232654551655,5,1,0,0,0,0,0,1,513,late-stage,0
4.23410650459726,0,1,0,0,0,1,0,0,68,unknown,0
5.8522024797744745,2,1,0,0,0,1,0,0,347,series a,0
7.342131730584722,1,1,0,0,1,0,0,0,1543,seed,1
4.795790545596741,3,2,0,0,1,0,0,1,120,series b,1
4.0943445622221,2,1,0,0,1,0,0,0,59,series a,1
3.5263605246161616,4,2,1,1,0,0,0,0,33,series c,1
6.333279628139691,4,2,0,1,0,0,1,0,562,series c,1
6.293419278846481,6,0,0,0,0,0,0,0,540,public,0
5.673323267171493,4,2,1,1,0,0,0,0,290,series c,1
6.434546518787453,6,2,1,1,0,0,0,0,622,public,1
3.7612001156935624,1,2,0,1,0,0,1,0,42,seed,1
5.342334251964811,5,1,0,0,0,0,1,0,208,late-stage,0
4.890349128221754,6,4,1,1,0,0,1,1,132,public,1
6.519147287940395,4,0,0,0,0,0,0,0,677,series c,0
5.2574953720277815,0,1,0,1,0,0,0,0,191,unknown,0
5.220355825078325,4,2,0,0,0,1,1,0,184,series c,0
4.997212273764115,5,2,0,0,1,0,1,0,147,late-stage,1
7.097548850614793,2,0,0,0,0,0,0,0,1208,series a,0
1.9459101490553132,5,2,0,1,0,0,1,0,6,late-stage,0
6.400257445308821,5,0,0,0,0,0,0,0,601,late-stage,0
3.6635616461296463,6,2,0,0,1,1,0,0,38,public,0
5.820082930352362,3,0,0,0,0,0,0,0,336,series b,0
4.77912349311153,2,1,0,0,1,0,0,0,118,series a,1
4.812184355372417,0,1,0,0,0,0,0,1,122,unknown,0
4.343805421853684,5,0,0,0,0,0,0,0,76,late-stage,0
3.1354942159291497,1,0,0,0,0,0,0,0,22,seed,0
5.717027701406222,4,3,1,1,0,0,0,1,303,series c,1
6.848005274576363,6,1,0,0,0,0,0,1,941,public,0
4.795790545596741,4,1,0,0,1,0,0,0,120,series c,0
6.361302477572996,2,0,0,0,0,0,0,0,578,series a,0
3.1780538303479458,2,3,1,1,0,0,1,0,23,series a,1
4.406719247264253,3,3,1,1,0,0,1,0,81,series b,1
4.867534450455582,5,1,0,0,0,0,1,0,129,late-stage,0
5.652489180268651,3,0,0,0,0,0,0,0,284,series b,1
7.80016307039296,5,2,0,1,0,0,0,1,2440,late-stage,1
6.0112671744041615,2,2,1,1,0,0,0,0,407,series a,1
6.953684210870537,5,2,0,1,0,1,0,0,1046,late-stage,1
6.648984550024776,1,2,0,1,0,0,0,1,771,seed,0
5.69035945432406,0,0,0,0,0,0,0,0,295,unknown,0
5.765191102784844,1,2,1,1,0,0,0,0,318,seed,1
5.14166355650266,6,1,0,0,0,0,0,1,170,public,0
6.895682697747868,3,1,1,0,0,0,0,0,987,series b,0
7.067319848653476,3,3,1,1,0,1,0,0,1172,series b,1
8.123261319121745,3,3,0,0,1,0,1,1,3371,series b,0
7.166265974133638,4,1,0,0,1,0,0,0,1294,series c,1
6.666956792429207,6,4,1,1,0,1,1,0,785,public,1
6.249975242259483,5,1,0,0,1,0,0,0,517,late-stage,0
7.7336835707759,1,0,0,0,0,0,0,0,2283,seed,0
5.303304908059076,4,1,0,0,0,0,1,0,200,series c,0
3.9512437185814275,3,5,1,1,1,0,1,1,51,series b,1
5.187385805840755,4,2,0,1,0,0,1,0,178,series c,1
6.363028103540465,4,3,0,1,0,0,1,1,579,series c,1
6.405228458030842,5,4,1,1,0,1,0,1,604,late-stage,1
4.969813299576001,2,2,0,0,1,0,0,1,143,series a,1
7.484368643286131,3,3,0,0,1,0,1,1,1779,series b,0
3.6888794541139363,2,4,1,1,0,1,0,1,39,series a,1
4.875197323201151,2,2,0,1,0,0,1,0,130,series a,1
7.597897950521784,1,0,0,0,0,0,0,0,1993,seed,0
4.204692619390966,1,3,0,0,1,0,1,1,66,seed,0
6.834108738813838,2,0,0,0,0,0,0,0,928,series a,0
3.784189633918261,2,0,0,0,0,0,0,0,43,series a,0
5.111987788356544,2,0,0,0,0,0,0,0,165,series a,0
3.7612001156935624,0,3,1,1,0,1,0,0,42,unknown,1
8.086410275323782,5,1,0,0,0,0,1,0,3249,late-stage,0
4.8283137373023015,1,2,1,0,0,0,1,0,124,seed,1
4.248495242049359,5,3,0,1,0,1,0,1,69,late-stage,1
8.16763571524637,3,1,0,0,0,0,0,1,3524,series b,0
7.855932199718614,3,2,0,0,0,1,0,1,2580,series b,0
4.406719247264253,2,0,0,0,0,0,0,0,81,series a,0
8.679822114864455,4,3,0,1,0,1,1,0,5882,series c,0
3.8066624897703196,1,3,1,1,0,0,0,1,44,seed,1
6.517671272912275,5,1,0,0,1,0,0,0,676,late-stage,0
6.45833828334479,5,0,0,0,0,0,0,0,637,late-stage,1
6.739336627357174,3,0,0,0,0,0,0,0,844,series b,0
4.465908118654584,5,1,0,0,0,0,1,0,86,late-stage,1
4.672828834461906,0,0,0,0,0,0,0,0,106,unknown,0
7.22402480828583,4,1,1,0,0,0,0,0,1371,series c,0
4.0943445622221,4,0,0,0,0,0,0,0,59,series c,0
7.728855823852543,2,0,0,0,0,0,0,0,2272,series a,0
6.6039438246004725,1,0,0,0,0,0,0,0,737,seed,0
5.25227342804663,3,0,0,0,0,0,0,0,190,series b,1
7.077498053569231,0,1,0,1,0,0,0,0,1184,unknown,0
7.430707082545968,2,2,0,1,0,0,1,0,1686,series a,1
5.5134287461649825,4,2,0,1,0,0,0,1,247,series c,0
4.812184355372417,2,2,1,1,0,0,0,0,122,series a,1
5.814130531825066,1,1,0,0,0,0,1,0,334,seed,0
4.060443010546419,0,3,0,0,0,1,1,1,57,unknown,0
5.3981627015177525,2,1,0,0,1,0,0,0,220,series a,0
7.639161171659173,1,1,0,0,0,0,0,1,2077,seed,0
4.2626798770413155,4,1,0,1,0,0,0,0,70,series c,0
3.8918202981106265,5,1,0,1,0,0,0,0,48,late-stage,1
3.4011973816621555,3,0,0,0,0,0,0,0,29,series b,1
5.886104031450156,1,2,1,1,0,0,0,0,359,seed,0
5.634789603169249,2,1,0,1,0,0,0,0,279,series a,0
5.717027701406222,4,0,0,0,0,0,0,0,303,series c,0
4.406719247264253,3,2,0,1,0,0,0,1,81,series b,0
5.998936561946683,0,0,0,0,0,0,0,0,402,unknown,0
6.898714534329988,3,2,0,0,1,0,1,0,990,series b,1
4.276666119016055,3,2,1,1,0,0,0,0,71,series b,0
5.921578419643816,3,1,0,0,1,0,0,0,372,series b,1
3.5553480614894135,6,3,1,1,0,1,0,0,34,public,1
3.8712010109078907,0,0,0,0,0,0,0,0,47,unknown,0
4.941642422609304,6,0,0,0,0,0,0,0,139,public,0
4.189654742026425,4,2,0,1,0,0,1,0,65,series c,0
5.438079308923196,5,0,0,0,0,0,0,0,229,late-stage,0
5.236441962829949,4,3,1,1,0,0,1,0,187,series c,1
5.720311776607412,3,2,0,0,1,0,1,0,304,series b,1
5.910796644040527,5,3,0,1,1,0,1,0,368,late-stage,1
7.175489713624222,2,1,0,1,0,0,0,0,1306,series a,0
6.424869023905388,4,1,0,1,0,0,0,0,616,series c,1
5.181783550292085,6,0,0,0,0,0,0,0,177,public,0
4.51085950651685,6,1,0,0,0,0,1,0,90,public,0
6.0867747269123065,6,1,1,0,0,0,0,0,439,public,0
6.018593214496234,3,2,1,1,0,0,0,0,410,series b,1
6.040254711277414,5,1,0,0,0,1,0,0,419,late-stage,1
7.15305163493748,6,2,1,0,0,0,0,1,1277,public,0
5.198497031265826,3,1,0,1,0,0,0,0,180,series b,0
1.9459101490553132,3,0,0,0,0,0,0,0,6,series b,0
5.19295685089021,2,0,0,0,0,0,0,0,179,series a,0
4.189654742026425,0,2,1,1,0,0,0,0,65,unknown,1
6.261491684321042,2,1,0,0,0,0,1,0,523,series a,0
6.598509028614515,0,2,1,0,0,0,1,0,733,unknown,0
5.198497031265826,5,0,0,0,0,0,0,0,180,late-stage,0
5.313205979041787,4,0,0,0,0,0,0,0,202,series c,0
6.257667587882639,4,0,0,0,0,0,0,0,521,series c,0
4.584967478670572,4,1,0,0,0,0,0,1,97,series c,0
3.784189633918261,5,0,0,0,0,0,0,0,43,late-stage,0
4.143134726391533,2,4,1,1,0,0,1,1,62,series a,1
4.418840607796598,2,3,1,1,0,1,0,0,82,series a,1
2.0794415416798357,3,1,0,0,0,0,1,0,7,series b,0
6.169610732491456,3,1,0,0,0,1,0,0,477,series b,0
6.255750041753367,6,1,0,0,0,1,0,0,520,public,0
7.867105500316739,2,1,0,1,0,0,0,0,2609,series a,0
6.734591659972948,1,0,0,0,0,0,0,0,840,seed,0
6.542471960506805,6,1,1,0,0,0,0,0,693,public,0
5.442417710521793,0,3,0,0,1,0,1,1,230,unknown,1
7.880804344674901,3,0,0,0,0,0,0,0,2645,series b,0
4.736198448394496,6,0,0,0,0,0,0,0,113,public,0
5.929589143389895,0,0,0,0,0,0,0,0,375,unknown,0
6.137727054086234,1,0,0,0,0,0,0,0,462,seed,0
5.043425116919247,6,2,1,1,0,0,0,0,154,public,1
3.9889840465642745,3,1,0,0,0,0,0,1,53,series b,0
7.497207223203318,1,1,0,0,0,0,1,0,1802,seed,0
4.564348191467836,2,1,0,1,0,0,0,0,95,series a,0
6.8658910748834385,5,1,0,1,0,0,0,0,958,late-stage,0
4.90527477843843,0,4,0,0,1,1,1,1,134,unknown,0
5.332718793265369,5,0,0,0,0,0,0,0,206,late-stage,0
5.19295685089021,5,2,0,0,0,1,1,0,179,late-stage,0
5.365976015021851,2,3,1,0,1,1,0,0,213,series a,1
7.10002716662926,5,2,1,1,0,0,0,0,1211,late-stage,1
7.643482907077201,3,2,1,1,0,0,0,0,2086,series b,1
6.3473892096560105,0,0,0,0,0,0,0,0,570,unknown,0
4.3694478524670215,6,3,1,1,0,1,0,0,78,public,1
5.337538079701318,3,2,1,1,0,0,0,0,207,series b,1
4.406719247264253,4,1,0,0,0,0,0,1,81,series c,0
4.418840607796598,2,1,0,1,0,0,0,0,82,series a,0
8.279697133877628,4,0,0,0,0,0,0,0,3942,series c,1
6.859614903654202,4,2,0,0,1,0,1,0,952,series c,0
5.652489180268651,6,0,0,0,0,0,0,0,284,public,0
4.77912349311153,6,1,0,1,0,0,0,0,118,public,0
7.906178840394815,3,1,0,0,1,0,0,0,2713,series b,0
7.740229524763182,2,3,1,1,0,0,1,0,2298,series a,1
5.7745515455444085,2,0,0,0,0,0,0,0,321,series a,0
7.592870287844818,5,2,1,1,0,0,0,0,1983,late-stage,1
3.9318256327243257,4,1,0,1,0,0,0,0,50,series c,1
6.113682179832232,1,0,0,0,0,0,0,0,451,seed,0
5.0689042022202315,6,1,0,1,0,0,0,0,158,public,0
4.454347296253507,1,2,1,0,0,0,0,1,85,seed,1
5.75890177387728,4,2,1,1,0,0,0,0,316,series c,1
4.442651256490317,3,1,0,0,0,0,0,1,84,series b,0
6.244166900663736,4,2,1,1,0,0,0,0,514,series c,1
8.894533135798554,0,0,0,0,0,0,0,0,7291,unknown,0
6.07073772800249,0,0,0,0,0,0,0,0,432,unknown,0
2.5649493574615367,3,2,0,1,0,0,0,1,12,series b,0
6.6293632534374485,1,1,0,1,0,0,0,0,756,seed,0
5.929589143389895,0,1,1,0,0,0,0,0,375,unknown,1
5.262690188904886,5,2,0,0,0,1,0,1,192,late-stage,1
3.58351893845611,0,2,1,0,0,1,0,0,35,unknown,0
5.429345628954441,6,2,0,0,1,0,1,0,227,public,1
5.043425116919247,3,0,0,0,0,0,0,0,154,series b,1
6.682108597449809,3,0,0,0,0,0,0,0,797,series b,0
5.676753802268282,2,0,0,0,0,0,0,0,291,series a,0
4.962844630259907,3,1,0,1,0,0,0,0,142,series b,1
5.056245805348308,1,2,1,0,0,0,0,1,156,seed,0
4.927253685157205,5,2,0,0,0,1,1,0,137,late-stage,0
6.821107472256465,5,2,0,0,0,0,1,1,916,late-stage,0
6.461468176353717,3,2,0,0,1,1,0,0,639,series b,1
4.04305126783455,2,1,0,1,0,0,0,0,56,series a,1
6.3473892096560105,2,1,0,0,0,1,0,0,570,series a,0
5.062595033026967,1,1,0,1,0,0,0,0,157,seed,0
5.123963979403259,1,3,1,1,0,0,1,0,167,seed,1
4.852030263919617,0,2,0,0,0,1,1,0,127,unknown,1
7.309212365692763,2,1,0,0,0,0,1,0,1493,series a,0
4.718498871295094,6,1,0,1,0,0,0,0,111,public,0
4.736198448394496,5,1,0,0,0,1,0,0,113,late-stage,1
6.208590026096629,0,0,0,0,0,0,0,0,496,unknown,0
4.394449154672439,3,0,0,0,0,0,0,0,80,series b,0
5.3471075307174685,1,3,1,1,1,0,0,0,209,seed,1
4.394449154672439,6,2,0,0,1,0,0,1,80,public,0
2.1972245773362196,2,0,0,0,0,0,0,0,8,series a,0
6.99117688712121,5,2,0,0,0,1,1,0,1086,late-stage,1
4.1588830833596715,3,3,1,0,0,0,1,1,63,series b,1
6.3080984415095305,5,1,0,0,1,0,0,0,548,late-stage,0
6.373319789577012,6,3,0,0,1,1,1,0,585,public,1
7.254177846456518,4,1,0,1,0,0,0,0,1413,series c,1
3.7612001156935624,4,1,0,0,1,0,0,0,42,series c,0
5.765191102784844,1,3,1,0,1,1,0,0,318,seed,1
6.680854678790215,2,1,0,0,1,0,0,0,796,series a,0
3.044522437723423,0,0,0,0,0,0,0,0,20,unknown,0
5.204006687076795,5,1,0,0,0,0,1,0,181,late-stage,0
3.6375861597263857,0,0,0,0,0,0,0,0,37,unknown,0
2.70805020110221,4,3,1,1,0,1,0,0,14,series c,1
5.3612921657094255,3,2,0,0,1,1,0,0,212,series b,1
5.081404364984463,4,1,0,0,0,0,0,1,160,series c,0
4.465908118654584,4,3,1,1,1,0,0,0,86,series c,1
4.68213122712422,5,1,0,0,0,0,1,0,107,late-stage,0
5.337538079701318,4,1,0,1,0,0,0,0,207,series c,0
5.236441962829949,3,1,0,0,0,0,0,1,187,series b,0
6.717804695023691,4,1,0,1,0,0,0,0,826,series c,0
4.499809670330265,2,2,1,1,0,0,0,0,89,series a,1
6.066108090103747,4,0,0,0,0,0,0,0,430,series c,1
6.274762021241939,3,1,0,0,0,0,0,1,530,series b,0
5.924255797414532,6,0,0,0,0,0,0,0,373,public,0
5.209486152841421,0,1,0,0,1,0,0,0,182,unknown,0
5.214935757608986,4,0,0,0,0,0,0,0,183,series c,0
4.653960350157523,4,2,0,1,1,0,0,0,104,series c,1
5.25227342804663,3,3,1,0,0,0,1,1,190,series b,0
6.431331081933479,4,1,0,1,0,0,0,0,620,series c,0
3.828641396489095,1,0,0,0,0,0,0,0,45,seed,0
6.470799503782602,2,0,0,0,0,0,0,0,645,series a,0
3.4965075614664802,4,3,1,0,0,0,1,1,32,series c,1
5.5093883366279774,3,0,0,0,0,0,0,0,246,series b,0
6.748759547491679,3,3,0,1,0,1,0,1,852,series b,0
6.093569770045136,1,0,0,0,0,0,0,0,442,seed,0
5.41610040220442,5,1,0,1,0,0,0,0,224,late-stage,0
4.3694478524670215,0,1,0,0,0,0,1,0,78,unknown,0
6.846943139585379,6,4,1,1,0,0,1,1,940,public,1
5.1298987149230735,0,4,1,1,1,0,1,0,168,unknown,1
4.477336814478207,0,3,1,1,0,1,0,0,87,unknown,1
6.35088571671474,1,2,0,0,1,1,0,0,572,seed,1
4.770684624465665,6,1,0,0,0,0,0,1,117,public,0
5.365976015021851,2,1,0,0,1,0,0,0,213,series a,0
7.436617265234227,5,0,0,0,0,0,0,0,1696,late-stage,0
4.9344739331306915,6,4,1,1,0,1,1,0,138,public,1
6.309918278226516,0,1,0,1,0,0,0,0,549,unknown,0
5.135798437050262,1,1,0,0,0,0,0,1,169,seed,0
7.3427791893318455,2,3,1,1,0,0,0,1,1544,series a,1
4.060443010546419,1,3,1,1,0,0,0,1,57,seed,1
4.060443010546419,3,0,0,0,0,0,0,0,57,series b,0
7.023758954738443,6,1,0,0,0,0,0,1,1122,public,0
6.761572768804055,2,1,0,1,0,0,0,0,863,series a,0
4.290459441148391,0,0,0,0,0,0,0,0,72,unknown,0
5.5254529391317835,4,1,0,0,0,0,1,0,250,series c,0
8.190354403763262,1,0,0,0,0,0,0,0,3605,seed,0
5.209486152841421,3,2,0,0,0,1,0,1,182,series b,0
6.269096283706261,0,1,0,1,0,0,0,0,527,unknown,0
5.198497031265826,5,0,0,0,0,0,0,0,180,late-stage,0
6.635946555686647,4,2,0,0,0,1,0,1,761,series c,1
6.175867270105761,6,1,0,0,0,1,0,0,480,public,0
3.713572066704308,1,4,1,1,1,0,0,1,40,seed,1
3.784189633918261,5,2,0,0,1,0,1,0,43,late-stage,0
6.248042874508429,0,2,1,0,0,1,0,0,516,unknown,0
4.634728988229636,4,1,0,0,1,0,0,0,102,series c,0
5.521460917862246,1,0,0,0,0,0,0,0,249,seed,0
4.553876891600541,6,0,0,0,0,0,0,0,94,public,0
3.6375861597263857,4,1,0,1,0,0,0,0,37,series c,1
4.990432586778736,6,0,0,0,0,0,0,0,146,public,0
7.355641102974253,0,0,0,0,0,0,0,0,1564,unknown,0
6.3578422665081,6,1,0,0,0,0,0,1,576,public,0
4.394449154672439,1,1,0,0,0,0,0,1,80,seed,0
8.953898535260459,3,1,0,0,0,1,0,0,7737,series b,0
5.198497031265826,4,2,0,1,1,0,0,0,180,series c,1
6.028278520230698,4,0,0,0,0,0,0,0,414,series c,1
7.4489161025442,2,0,0,0,0,0,0,0,1717,series a,0
5.673323267171493,5,1,1,0,0,0,0,0,290,late-stage,1
4.890349128221754,4,1,0,0,0,1,0,0,132,series c,0
6.804614520062624,3,4,1,1,1,0,1,0,901,series b,1
7.294377299288821,1,2,0,1,0,0,0,1,1471,seed,0
6.054439346269371,4,2,0,1,0,0,0,1,425,series c,1
5.424950017481403,6,0,0,0,0,0,0,0,226,public,0
5.41610040220442,4,2,1,1,0,0,0,0,224,series c,1
5.631211781821365,0,1,0,0,0,0,1,0,278,unknown,0
3.9318256327243257,4,1,0,1,0,0,0,0,50,series c,1
4.836281906951478,3,1,0,1,0,0,0,0,125,series b,1
6.699500340161678,6,0,0,0,0,0,0,0,811,public,0
5.231108616854587,0,3,1,1,0,0,0,1,186,unknown,1
6.240275845170769,1,1,0,0,0,0,0,1,512,seed,1
6.0112671744041615,3,0,0,0,0,0,0,0,407,series b,0
6.161207321695077,5,1,0,0,0,0,0,1,473,late-stage,0
3.7376696182833684,1,0,0,0,0,0,0,0,41,seed,0
5.293304824724492,2,2,0,0,1,0,1,0,198,series a,0
4.110873864173311,2,1,0,0,0,0,0,1,60,series a,0
5.713732805509369,6,0,0,0,0,0,0,0,302,public,0
4.04305126783455,6,0,0,0,0,0,0,0,56,public,0
6.0330862217988015,6,1,0,1,0,0,0,0,416,public,0
4.955827057601261,5,3,1,0,1,1,0,0,141,late-stage,1
5.117993812416755,2,1,0,1,0,0,0,0,166,series a,1
4.969813299576001,5,3,0,1,0,0,1,1,143,late-stage,1
4.820281565605037,2,0,0,0,0,0,0,0,123,series a,0
5.442417710521793,6,0,0,0,0,0,0,0,230,public,1
6.09807428216624,2,2,0,0,0,0,1,1,444,series a,0
5.225746673713202,1,1,0,0,1,0,0,0,185,seed,0
5.25227342804663,6,3,0,1,0,0,1,1,190,public,1
6.946013991099227,4,1,0,1,0,0,0,0,1038,series c,0
5.5134287461649825,2,1,0,0,0,0,0,1,247,series a,0
6.18826412308259,6,1,0,1,0,0,0,0,486,public,0
5.8111409929767,6,2,0,0,0,1,0,1,333,public,1
5.375278407684165,1,0,0,0,0,0,0,0,215,seed,0
3.4339872044851463,2,1,0,0,0,1,0,0,30,series a,0
7.725330037917135,4,2,1,1,0,0,0,0,2264,series c,1
5.484796933490655,5,1,0,0,0,0,1,0,240,late-stage,1
6.695798917058491,6,2,0,0,1,0,0,1,808,public,1
5.225746673713202,0,2,1,0,1,0,0,0,185,unknown,1
5.003946305945459,3,2,1,1,0,0,0,0,148,series b,1
5.736572297479192,1,2,0,1,1,0,0,0,309,seed,0
6.352629396319567,5,2,0,1,0,0,1,0,573,late-stage,1
7.050989447068045,1,2,0,1,0,1,0,0,1153,seed,0
5.278114659230518,3,1,0,0,1,0,0,0,195,series b,0
7.402451520818244,0,1,0,0,0,1,0,0,1639,unknown,0
4.174387269895637,4,2,0,1,0,0,0,1,64,series c,1
5.69035945432406,2,3,0,1,0,0,1,1,295,series a,0
4.836281906951478,4,1,0,0,1,0,0,0,125,series c,1
5.209486152841421,5,3,1,0,0,1,1,0,182,late-stage,1
8.170468578330674,1,2,1,1,0,0,0,0,3534,seed,1
5.54907608489522,3,3,1,1,0,1,0,0,256,series b,1
3.9889840465642745,0,3,1,1,1,0,0,0,53,unknown,1
6.025865973825314,6,1,0,1,0,0,0,0,413,public,0
6.22455842927536,6,1,0,0,0,0,1,0,504,public,0
7.074116816197362,5,0,0,0,0,0,0,0,1180,late-stage,0
5.627621113690637,2,3,1,1,0,0,1,0,277,series a,1
6.690842277418564,5,2,0,0,0,0,1,1,804,late-stage,0
5.541263545158426,2,1,0,1,0,0,0,0,254,series a,0
3.1780538303479458,0,1,0,1,0,0,0,0,23,unknown,0
6.280395838960195,1,1,0,0,0,0,0,1,533,seed,0
5.272999558563747,5,2,1,0,1,0,0,0,194,late-stage,0
7.846198815497425,0,0,0,0,0,0,0,0,2555,unknown,0
5.075173815233827,5,1,0,0,0,0,0,1,159,late-stage,1
6.498282149476434,4,3,1,1,0,1,0,0,663,series c,1
4.653960350157523,2,2,1,1,0,0,0,0,104,series a,0
6.150602768446279,0,3,1,1,0,0,1,0,468,unknown,1
3.912023005428146,3,2,0,0,0,1,0,1,49,series b,1
6.284134161070802,1,2,0,0,1,0,1,0,535,seed,0
5.605802066295998,1,3,0,0,1,0,1,1,271,seed,0
5.700443573390686,5,1,0,0,0,0,0,1,298,late-stage,0
6.270988431858299,6,1,1,0,0,0,0,0,528,public,0
3.713572066704308,1,0,0,0,0,0,0,0,40,seed,0
4.812184355372417,6,1,0,0,1,0,0,0,122,public,0
5.575949103146316,5,1,0,0,0,1,0,0,263,late-stage,1
5.916202062607435,4,3,0,1,1,1,0,0,370,series c,1
7.436617265234227,3,1,0,1,0,0,0,0,1696,series b,0
7.3310603052186325,5,2,1,1,0,0,0,0,1526,late-stage,1
7.079184394609668,4,1,0,0,0,0,0,1,1186,series c,1
6.066108090103747,1,0,0,0,0,0,0,0,430,seed,0
6.304448802421981,6,3,0,1,0,0,1,1,546,public,0
6.054439346269371,0,0,0,0,0,0,0,0,425,unknown,1
7.29505641646263,5,3,1,1,0,1,0,0,1472,late-stage,1
6.97354301952014,1,0,0,0,0,0,0,0,1067,seed,0
7.786551806428712,5,2,0,0,0,1,1,0,2407,late-stage,0
5.3706380281276624,2,2,0,0,0,0,1,1,214,series a,0
7.360739903058278,3,1,0,1,0,0,0,0,1572,series b,0
4.7535901911063645,3,1,0,0,0,0,1,0,115,series b,0
3.970291913552122,5,1,0,1,0,0,0,0,52,late-stage,1
6.100318952020064,4,2,0,0,1,0,0,1,445,series c,0
7.40184157874383,4,4,1,1,1,1,0,0,1638,series c,1
4.852030263919617,0,2,1,1,0,0,0,0,127,unknown,0
4.7535901911063645,3,0,0,0,0,0,0,0,115,series b,0
5.356586274672012,4,1,0,0,0,0,0,1,211,series c,0
4.852030263919617,6,0,0,0,0,0,0,0,127,public,0
6.20050917404269,1,2,1,0,0,1,0,0,492,seed,1
5.117993812416755,4,1,0,0,0,0,1,0,166,series c,0
7.257002707092073,1,0,0,0,0,0,0,0,1417,seed,0
5.0238805208462765,0,0,0,0,0,0,0,0,151,unknown,0
2.833213344056216,5,2,1,1,0,0,0,0,16,late-stage,1
5.117993812416755,2,1,0,1,0,0,0,0,166,series a,0
5.579729825986222,3,2,0,1,0,0,0,1,264,series b,1
4.653960350157523,4,2,0,1,0,0,0,1,104,series c,1
6.665683717782408,1,3,0,0,0,1,1,1,784,seed,0
9.046290859969677,1,1,0,1,0,0,0,0,8486,seed,0
7.427144133408616,0,1,0,0,1,0,0,0,1680,unknown,0
6.996681488176539,5,1,0,0,0,0,0,1,1092,late-stage,0
7.356918242356021,3,0,0,0,0,0,0,0,1566,series b,0
4.007333185232471,3,1,0,0,0,0,0,1,54,series b,0
5.081404364984463,1,1,0,0,0,0,1,0,160,seed,0
7.161622002939187,5,2,1,1,0,0,0,0,1288,late-stage,1
2.0794415416798357,1,1,0,0,0,1,0,0,7,seed,1
5.153291594497779,0,2,0,1,0,0,1,0,172,unknown,0
3.9318256327243257,3,0,0,0,0,0,0,0,50,series b,0
7.392031567514591,0,2,1,0,0,0,1,0,1622,unknown,1
6.208590026096629,6,2,0,0,1,1,0,0,496,public,1
4.442651256490317,3,0,0,0,0,0,0,0,84,series b,1
6.274762021241939,2,1,0,0,0,0,0,1,530,series a,0
4.189654742026425,1,0,0,0,0,0,0,0,65,seed,0
4.276666119016055,0,0,0,0,0,0,0,0,71,unknown,0
7.683403681053826,4,1,0,0,0,0,0,1,2171,series c,1
4.3694478524670215,2,0,0,0,0,0,0,0,78,series a,1
5.420534999272286,2,0,0,0,0,0,0,0,225,series a,0
4.343805421853684,1,0,0,0,0,0,0,0,76,seed,0
5.117993812416755,4,0,0,0,0,0,0,0,166,series c,0
5.099866427824199,3,2,1,1,0,0,0,0,163,series b,1
6.62273632394984,6,0,0,0,0,0,0,0,751,public,0
5.459585514144159,1,2,1,1,0,0,0,0,234,seed,1
5.659482215759621,3,2,1,1,0,0,0,0,286,series b,1
4.543294782270004,0,2,0,0,0,1,0,1,93,unknown,1
7.085901464365611,1,2,0,0,0,0,1,1,1194,seed,0
4.564348191467836,5,0,0,0,0,0,0,0,95,late-stage,0
5.4510384535657,3,0,0,0,0,0,0,0,232,series b,0
3.332204510175204,1,2,1,1,0,0,0,0,27,seed,1
6.493753839851687,1,1,0,0,0,0,1,0,660,seed,0
6.863803391452954,3,1,0,0,0,0,1,0,956,series b,1
5.303304908059076,1,3,1,1,0,1,0,0,200,seed,1
4.812184355372417,2,1,0,0,0,0,0,1,122,series a,0
6.419994928147142,3,0,0,0,0,0,0,0,613,series b,0
2.995732273553991,1,3,1,1,1,0,0,0,19,seed,1
5.303304908059076,4,2,1,0,0,0,0,1,200,series c,1
4.9344739331306915,2,3,0,1,0,1,0,1,138,series a,1
3.4339872044851463,2,1,1,0,0,0,0,0,30,series a,0
6.018593214496234,0,0,0,0,0,0,0,0,410,unknown,0
6.666956792429207,6,0,0,0,0,0,0,0,785,public,0
6.7464121285733745,1,4,0,1,1,0,1,1,850,seed,1
4.812184355372417,4,0,0,0,0,0,0,0,122,series c,0
6.037870919922137,6,2,0,1,0,0,1,0,418,public,0
6.102558594613569,5,2,0,1,0,1,0,0,446,late-stage,1
4.007333185232471,0,0,0,0,0,0,0,0,54,unknown,0
4.343805421853684,3,1,0,0,0,0,0,1,76,series b,0
6.1903154058531475,5,1,0,0,0,0,0,1,487,late-stage,0
6.373319789577012,6,2,0,0,1,0,0,1,585,public,0
3.6375861597263857,3,3,1,1,0,0,1,0,37,series b,1
4.634728988229636,0,4,1,1,1,1,0,0,102,unknown,1
5.66988092298052,4,0,0,0,0,0,0,0,289,series c,0
5.645446897643238,6,2,1,1,0,0,0,0,282,public,0
7.87359778968554,1,1,0,0,0,0,0,1,2626,seed,0
5.123963979403259,1,1,1,0,0,0,0,0,167,seed,0
6.331501849893691,6,2,0,1,0,0,0,1,561,public,0
2.8903717578961645,6,3,1,1,0,1,0,0,17,public,1
5.501258210544727,6,1,0,1,0,0,0,0,244,public,1
9.012620873002131,4,0,0,0,0,0,0,0,8205,series c,0
5.267858159063328,3,3,0,1,0,0,1,1,193,series b,1
2.9444389791664403,1,4,1,1,1,0,1,0,18,seed,1
4.143134726391533,1,1,0,1,0,0,0,0,62,seed,1
4.6443908991413725,6,3,1,1,1,0,0,0,103,public,1
3.295836866004329,1,1,1,0,0,0,0,0,26,seed,0
7.5411524551363085,2,2,1,1,0,0,0,0,1883,series a,1
5.799092654460526,3,1,0,0,0,0,1,0,329,series b,0
5.749392985908253,1,2,1,1,0,0,0,0,313,seed,1
4.48863636973214,2,4,1,1,1,0,1,0,88,series a,1
6.51471269087253,6,3,1,1,0,0,0,1,674,public,1
6.459904454377535,2,1,0,0,0,1,0,0,638,series a,1
5.147494476813453,1,0,0,0,0,0,0,0,171,seed,0
3.295836866004329,6,0,0,0,0,0,0,0,26,public,0
5.384495062789089,3,1,0,0,0,0,0,1,217,series b,0
6.253828811575473,3,3,1,1,0,0,1,0,519,series b,1
4.812184355372417,4,1,0,1,0,0,0,0,122,series c,0
5.0689042022202315,5,1,0,0,0,1,0,0,158,late-stage,0
5.568344503761097,1,0,0,0,0,0,0,0,261,seed,0
3.8712010109078907,1,3,0,1,0,1,1,0,47,seed,1
4.859812404361672,3,2,0,1,0,0,0,1,128,series b,0
4.465908118654584,5,1,0,1,0,0,0,0,86,late-stage,0
7.759187438507795,0,2,0,1,0,0,1,0,2342,unknown,0
5.123963979403259,1,1,0,0,0,0,1,0,167,seed,0
4.02535169073515,2,4,1,1,0,0,1,1,55,series a,1
5.71042701737487,3,0,0,0,0,0,0,0,301,series b,0
5.247024072160486,5,2,1,0,0,0,0,1,189,late-stage,0
3.6109179126442243,4,1,0,1,0,0,0,0,36,series c,0
6.2285110035911835,3,2,0,0,1,1,0,0,506,series b,1
5.616771097666572,6,1,0,0,0,0,0,1,274,public,0
5.25227342804663,2,2,0,1,1,0,0,0,190,series a,1
3.295836866004329,1,2,1,0,0,0,1,0,26,seed,0
6.234410725718371,3,3,0,1,0,0,1,1,509,series b,0
5.605802066295998,5,1,0,1,0,0,0,0,271,late-stage,0
6.385194398997726,0,0,0,0,0,0,0,0,592,unknown,0
5.805134968916488,0,1,0,0,0,0,1,0,331,unknown,0
5.869296913133774,3,2,0,1,0,1,0,0,353,series b,1
3.784189633918261,2,3,1,0,0,1,1,0,43,series a,1
4.997212273764115,3,2,0,1,1,0,0,0,147,series b,1
7.8898337513942955,3,1,0,0,0,0,0,1,2669,series b,0
5.66988092298052,2,2,1,0,0,0,1,0,289,series a,0
3.6109179126442243,1,1,0,1,0,0,0,0,36,seed,1
4.919980925828125,1,2,1,1,0,0,0,0,136,seed,1
4.48863636973214,1,2,1,1,0,0,0,0,88,seed,1
6.849066282633458,3,0,0,0,0,0,0,0,942,series b,0
5.476463551931511,0,2,0,0,0,1,1,0,238,unknown,0
6.4425401664681985,3,2,0,0,0,0,1,1,627,series b,0
5.6131281063880705,2,1,0,0,0,0,1,0,273,series a,0
5.58724865840025,2,3,1,1,0,0,1,0,266,series a,1
4.442651256490317,0,0,0,0,0,0,0,0,84,unknown,0
7.123672785204607,6,1,0,1,0,0,0,0,1240,public,0
8.214194414852564,5,1,0,0,0,0,1,0,3692,late-stage,1
8.28374674710613,4,2,0,0,0,0,1,1,3958,series c,0
3.970291913552122,3,1,0,0,0,0,1,0,52,series b,0
2.639057329615259,0,2,1,1,0,0,0,0,13,unknown,1
6.473890696352274,1,2,1,1,0,0,0,0,647,seed,1
3.4965075614664802,0,0,0,0,0,0,0,0,32,unknown,0
4.304065093204169,3,2,0,0,0,0,1,1,73,series b,0
4.770684624465665,2,1,0,0,0,0,1,0,117,series a,0
5.0106352940962555,0,0,0,0,0,0,0,0,149,unknown,0
8.424200324567073,3,1,0,0,0,0,0,1,4555,series b,1
3.7612001156935624,6,2,0,0,0,0,1,1,42,public,0
6.068425588244111,5,2,0,1,0,1,0,0,431,late-stage,0
5.641907070938114,0,1,0,0,1,0,0,0,281,unknown,0
5.780743515792329,2,1,0,1,0,0,0,0,323,series a,0
3.258096538021482,0,2,1,0,0,0,0,1,25,unknown,0
4.919980925828125,1,3,0,0,1,1,0,1,136,seed,1
5.3706380281276624,6,2,0,1,0,0,0,1,214,public,1
9.004545458996587,4,0,0,0,0,0,0,0,8139,series c,0
4.343805421853684,2,3,0,1,0,1,1,0,76,series a,1
5.288267030694535,4,3,1,1,0,0,1,0,197,series c,0
6.100318952020064,0,2,0,1,0,0,1,0,445,unknown,1
3.4011973816621555,0,1,0,0,0,1,0,0,29,unknown,0
7.069874128458572,1,2,0,0,0,0,1,1,1175,seed,0
5.3981627015177525,0,0,0,0,0,0,0,0,220,unknown,0
5.288267030694535,1,2,1,1,0,0,0,0,197,seed,1
6.1903154058531475,2,1,0,0,0,0,0,1,487,series a,0
7.284820912568604,3,1,0,0,1,0,0,0,1457,series b,0
7.186901020411631,6,2,0,0,1,0,0,1,1321,public,0
5.1647859739235145,0,0,0,0,0,0,0,0,174,unknown,0
4.727387818712341,3,1,0,0,0,0,0,1,112,series b,0
5.1647859739235145,3,1,0,0,0,0,0,1,174,series b,0
6.582025138892826,0,0,0,0,0,0,0,0,721,unknown,0
6.20455776256869,2,2,0,1,1,0,0,0,494,series a,1
4.882801922586371,5,2,0,0,1,0,1,0,131,late-stage,1
4.477336814478207,0,3,1,1,1,0,0,0,87,unknown,1
3.044522437723423,3,1,0,0,0,0,1,0,20,series b,0
5.480638923341991,1,0,0,0,0,0,0,0,239,seed,0
3.7376696182833684,2,3,1,1,0,0,1,0,41,series a,1
5.713732805509369,3,0,0,0,0,0,0,0,302,series b,0
5.5909869805108565,0,0,0,0,0,0,0,0,267,unknown,0
5.68697535633982,4,1,0,0,0,0,0,1,294,series c,0
5.081404364984463,2,5,1,1,1,0,1,1,160,series a,1
5.648974238161206,3,1,0,0,0,1,0,0,283,series b,0
4.68213122712422,6,0,0,0,0,0,0,0,107,public,0
5.236441962829949,4,0,0,0,0,0,0,0,187,series c,0
6.703188113240863,0,0,0,0,0,0,0,0,814,unknown,0
5.905361848054571,2,2,0,0,0,1,0,1,366,series a,1
5.075173815233827,4,0,0,0,0,0,0,0,159,series c,1
4.248495242049359,6,0,0,0,0,0,0,0,69,public,0
6.26530121273771,6,0,0,0,0,0,0,0,525,public,0
5.14166355650266,6,1,1,0,0,0,0,0,170,public,0
3.4657359027997265,4,0,0,0,0,0,0,0,31,series c,1
4.127134385045092,1,1,0,1,0,0,0,0,61,seed,0
2.772588722239781,2,2,0,1,0,0,0,1,15,series a,1
5.820082930352362,1,2,0,0,1,0,1,0,336,seed,0
4.2626798770413155,5,3,1,1,1,0,0,0,70,late-stage,1
4.787491742782046,4,2,0,0,0,1,1,0,119,series c,1
7.765569081097317,2,1,0,1,0,0,0,0,2357,series a,0
7.1592919047975645,6,2,0,1,0,0,0,1,1285,public,0
4.406719247264253,3,0,0,0,0,0,0,0,81,series b,0
4.477336814478207,5,0,0,0,0,0,0,0,87,late-stage,0
6.6240652277998935,5,0,0,0,0,0,0,0,752,late-stage,0
6.159095388491933,0,1,0,0,0,1,0,0,472,unknown,0
3.6109179126442243,0,1,0,0,0,1,0,0,36,unknown,0
3.6109179126442243,0,1,0,0,1,0,0,0,36,unknown,0
7.1308988302963465,3,3,0,0,1,1,1,0,1249,series b,1
2.4849066497880004,1,1,0,1,0,0,0,0,11,seed,0
5.814130531825066,0,1,0,0,0,0,1,0,334,unknown,0
6.93537044601511,5,2,1,1,0,0,0,0,1027,late-stage,1
5.407171771460119,2,1,0,1,0,0,0,0,222,series a,0
3.6109179126442243,3,0,0,0,0,0,0,0,36,series b,0
6.192362489474872,3,0,0,0,0,0,0,0,488,series b,0
4.804021044733257,6,1,0,0,1,0,0,0,121,public,0
5.707110264748875,6,0,0,0,0,0,0,0,300,public,0
4.454347296253507,6,3,1,1,0,0,1,0,85,public,1
8.516392871245468,1,0,0,0,0,0,0,0,4995,seed,0
5.8289456176102075,1,2,1,0,0,1,0,0,339,seed,0
3.8918202981106265,5,0,0,0,0,0,0,0,48,late-stage,0
5.971261839790462,4,1,0,0,0,0,0,1,391,series c,0
7.444248649496705,3,1,0,1,0,0,0,0,1709,series b,0
6.152732694704104,2,0,0,0,0,0,0,0,469,series a,0
3.295836866004329,5,1,0,1,0,0,0,0,26,late-stage,1
5.537334267018537,4,2,1,1,0,0,0,0,253,series c,0
5.814130531825066,6,1,0,0,0,1,0,0,334,public,0
4.983606621708336,5,1,1,0,0,0,0,0,145,late-stage,0
4.882801922586371,3,0,0,0,0,0,0,0,131,series b,0
6.052089168924417,4,3,1,1,0,1,0,0,424,series c,1
5.765191102784844,4,1,0,0,0,0,0,1,318,series c,0
6.3473892096560105,6,1,0,0,0,0,0,1,570,public,0
1.791759469228055,2,3,1,1,0,0,0,1,5,series a,1
4.836281906951478,4,0,0,0,0,0,0,0,125,series c,0
4.804021044733257,6,5,1,1,1,0,1,1,121,public,1
6.922643891475888,0,1,0,0,0,0,1,0,1014,unknown,0
4.430816798843313,0,2,0,1,0,0,0,1,83,unknown,0
6.964135612418245,6,0,0,0,0,0,0,0,1057,public,0
7.8083230503910555,4,2,1,1,0,0,0,0,2460,series c,1
4.48863636973214,2,3,0,0,1,0,1,1,88,series a,1
5.198497031265826,4,2,1,1,0,0,0,0,180,series c,1
5.19295685089021,5,3,1,1,1,0,0,0,179,late-stage,1
5.262690188904886,2,3,1,1,1,0,0,0,192,series a,1
4.605170185988092,2,1,1,0,0,0,0,0,99,series a,0
5.327876168789581,6,0,0,0,0,0,0,0,205,public,0
6.336825731146441,2,3,1,1,1,0,0,0,564,series a,1
5.6131281063880705,1,3,0,1,1,1,0,0,273,seed,1
5.908082938168931,5,4,0,1,1,0,1,1,367,late-stage,1
7.023758954738443,2,1,0,0,1,0,0,0,1122,series a,0
7.3343293503005365,2,1,0,1,0,0,0,0,1531,series a,0
5.3471075307174685,5,0,0,0,0,0,0,0,209,late-stage,0
5.783825182329737,1,1,0,0,0,0,1,0,324,seed,1
6.493753839851687,1,3,1,1,0,0,0,1,660,seed,1
4.8283137373023015,2,1,0,0,0,0,0,1,124,series a,0
8.647343875881283,5,2,0,1,0,0,0,1,5694,late-stage,0
7.3613754289773485,1,3,0,0,1,0,1,1,1573,seed,1
5.802118375377063,0,2,0,1,1,0,0,0,330,unknown,0
6.261491684321042,3,1,0,0,0,0,0,1,523,series b,1
4.61512051684126,1,1,0,0,0,0,0,1,100,seed,0
4.564348191467836,5,2,1,1,0,0,0,0,95,late-stage,1
5.049856007249537,1,1,0,0,1,0,0,0,155,seed,1
7.704811922932594,6,2,0,0,0,0,1,1,2218,public,0
6.016157159698354,2,0,0,0,0,0,0,0,409,series a,0
9.658673380311523,5,2,0,0,0,1,0,1,15656,late-stage,0
4.770684624465665,0,0,0,0,0,0,0,0,117,unknown,0
5.093750200806762,5,1,0,1,0,0,0,0,162,late-stage,0
1.791759469228055,0,4,1,1,0,1,0,1,5,unknown,1
5.627621113690637,4,0,0,0,0,0,0,0,277,series c,0
6.489204931325317,2,3,1,1,1,0,0,0,657,series a,1
7.7823903355874595,2,1,0,1,0,0,0,0,2397,series a,1
6.091309882077698,0,3,1,1,0,0,1,0,441,unknown,1
5.111987788356544,4,1,0,0,0,0,0,1,165,series c,0
2.70805020110221,3,1,0,1,0,0,0,0,14,series b,0
5.929589143389895,4,2,0,1,0,0,1,0,375,series c,0
5.327876168789581,0,3,1,1,0,0,1,0,205,unknown,1
4.770684624465665,2,0,0,0,0,0,0,0,117,series a,0
4.23410650459726,2,1,0,1,0,0,0,0,68,series a,1
